id_produk,id_seller,kategori_produk,harga
PROD000001,SEL000032,Ibu & Bayi,3444000.0
PROD000002,SEL000020,Rumah Tangga,3437000.0
PROD000003,SEL000030,Rumah Tangga,1202000.0
PROD000004,SEL000470,Kesehatan & Kecantikan,1053000.0
PROD000005,SEL000392,Alat Tulis,980000.0
PROD000006,SEL000270,Rumah Tangga,2940000.0
PROD000007,SEL000453,Handphone & Tablet,620000.0
PROD000008,SEL000373,Kesehatan & Kecantikan,4035000.0
PROD000009,SEL000413,Fashion Pria,459000.0
PROD000010,SEL000365,Makanan & Minuman,2279000.0
PROD000011,SEL000239,Handphone & Tablet,4394000.0
PROD000012,SEL000064,Mainan & Hobi,251000.0
PROD000013,SEL000500,Kesehatan & Kecantikan,1213000.0
PROD000014,SEL000047,Ibu & Bayi,3397000.0
PROD000015,SEL000253,Kesehatan & Kecantikan,682000.0
PROD000016,SEL000330,Alat Tulis,4997000.0
PROD000017,SEL000021,Olahraga,4276000.0
PROD000018,SEL000371,Fashion Pria,4781000.0
PROD000019,SEL000471,Komputer & Laptop,3063000.0
PROD000020,SEL000259,Otomotif,3794000.0
PROD000021,SEL000168,Olahraga,486000.0
PROD000022,SEL000492,Mainan & Hobi,4293000.0
PROD000023,SEL000399,Mainan & Hobi,3604000.0
PROD000024,SEL000269,Elektronik,63000.0
PROD000025,SEL000095,Kesehatan & Kecantikan,4104000.0
PROD000026,SEL000416,Elektronik,2935000.0
PROD000027,SEL000172,Komputer & Laptop,2081000.0
PROD000028,SEL000282,Fashion Wanita,4190000.0
PROD000029,SEL000269,Elektronik,1229000.0
PROD000030,SEL000194,Alat Tulis,2367000.0
PROD000031,SEL000360,Otomotif,1327000.0
PROD000032,SEL000146,Makanan & Minuman,607000.0
PROD000033,SEL000372,Olahraga,4584000.0
PROD000034,SEL000452,Makanan & Minuman,3404000.0
PROD000035,SEL000201,Alat Tulis,3053000.0
PROD000036,SEL000178,Fashion Wanita,4431000.0
PROD000037,SEL000040,Rumah Tangga,3022000.0
PROD000038,SEL000414,Fashion Pria,4355000.0
PROD000039,SEL000328,Komputer & Laptop,2879000.0
PROD000040,SEL000056,Mainan & Hobi,1468000.0
PROD000041,SEL000119,Olahraga,2654000.0
PROD000042,SEL000176,Elektronik,2937000.0
PROD000043,SEL000388,Olahraga,982000.0
PROD000044,SEL000418,Handphone & Tablet,797000.0
PROD000045,SEL000111,Makanan & Minuman,3014000.0
PROD000046,SEL000076,Fashion Pria,1208000.0
PROD000047,SEL000141,Alat Tulis,1695000.0
PROD000048,SEL000040,Fashion Pria,1283000.0
PROD000049,SEL000019,Handphone & Tablet,3733000.0
PROD000050,SEL000375,Rumah Tangga,659000.0
PROD000051,SEL000275,Olahraga,4704000.0
PROD000052,SEL000022,Alat Tulis,3156000.0
PROD000053,SEL000399,Komputer & Laptop,1694000.0
PROD000054,SEL000253,Olahraga,2149000.0
PROD000055,SEL000495,Komputer & Laptop,3721000.0
PROD000056,SEL000266,Handphone & Tablet,489000.0
PROD000057,SEL000383,Fashion Wanita,2138000.0
PROD000058,SEL000434,Elektronik,4695000.0
PROD000059,SEL000484,Kesehatan & Kecantikan,4375000.0
PROD000060,SEL000029,Mainan & Hobi,4426000.0
PROD000061,SEL000185,Olahraga,1995000.0
PROD000062,SEL000312,Fashion Pria,4093000.0
PROD000063,SEL000391,Elektronik,1938000.0
PROD000064,SEL000351,Otomotif,373000.0
PROD000065,SEL000482,Handphone & Tablet,1072000.0
PROD000066,SEL000488,Fashion Wanita,3840000.0
PROD000067,SEL000131,Alat Tulis,1785000.0
PROD000068,SEL000419,Olahraga,2550000.0
PROD000069,SEL000094,Olahraga,2864000.0
PROD000070,SEL000249,Ibu & Bayi,4239000.0
PROD000071,SEL000218,Komputer & Laptop,2811000.0
PROD000072,SEL000463,Fashion Wanita,3110000.0
PROD000073,SEL000269,Rumah Tangga,1459000.0
PROD000074,SEL000494,Elektronik,588000.0
PROD000075,SEL000156,Mainan & Hobi,35000.0
PROD000076,SEL000271,Otomotif,3903000.0
PROD000077,SEL000176,Rumah Tangga,1195000.0
PROD000078,SEL000442,Ibu & Bayi,4564000.0
PROD000079,SEL000378,Mainan & Hobi,691000.0
PROD000080,SEL000024,Kesehatan & Kecantikan,1176000.0
PROD000081,SEL000192,Makanan & Minuman,3622000.0
PROD000082,SEL000028,Fashion Pria,3338000.0
PROD000083,SEL000232,Handphone & Tablet,3473000.0
PROD000084,SEL000311,Elektronik,2542000.0
PROD000085,SEL000290,Makanan & Minuman,3541000.0
PROD000086,SEL000412,Rumah Tangga,1436000.0
PROD000087,SEL000094,Elektronik,3576000.0
PROD000088,SEL000232,Rumah Tangga,2919000.0
PROD000089,SEL000085,Olahraga,3784000.0
PROD000090,SEL000362,Makanan & Minuman,3123000.0
PROD000091,SEL000321,Olahraga,3835000.0
PROD000092,SEL000294,Komputer & Laptop,1886000.0
PROD000093,SEL000400,Ibu & Bayi,1489000.0
PROD000094,SEL000283,Ibu & Bayi,3027000.0
PROD000095,SEL000308,Handphone & Tablet,3651000.0
PROD000096,SEL000348,Komputer & Laptop,4906000.0
PROD000097,SEL000234,Fashion Pria,4447000.0
PROD000098,SEL000152,Fashion Wanita,2681000.0
PROD000099,SEL000188,Makanan & Minuman,1927000.0
PROD000100,SEL000488,Makanan & Minuman,1249000.0
PROD000101,SEL000170,Makanan & Minuman,524000.0
PROD000102,SEL000011,Komputer & Laptop,2507000.0
PROD000103,SEL000159,Makanan & Minuman,3098000.0
PROD000104,SEL000500,Kesehatan & Kecantikan,4767000.0
PROD000105,SEL000456,Kesehatan & Kecantikan,551000.0
PROD000106,SEL000430,Komputer & Laptop,4037000.0
PROD000107,SEL000115,Rumah Tangga,3905000.0
PROD000108,SEL000398,Olahraga,2027000.0
PROD000109,SEL000287,Elektronik,2045000.0
PROD000110,SEL000359,Elektronik,4950000.0
PROD000111,SEL000243,Fashion Wanita,1996000.0
PROD000112,SEL000061,Otomotif,3821000.0
PROD000113,SEL000498,Elektronik,3213000.0
PROD000114,SEL000090,Handphone & Tablet,1087000.0
PROD000115,SEL000288,Handphone & Tablet,1148000.0
PROD000116,SEL000311,Kesehatan & Kecantikan,1636000.0
PROD000117,SEL000340,Makanan & Minuman,4540000.0
PROD000118,SEL000333,Kesehatan & Kecantikan,4494000.0
PROD000119,SEL000267,Fashion Wanita,3290000.0
PROD000120,SEL000288,Komputer & Laptop,97000.0
PROD000121,SEL000420,Rumah Tangga,4142000.0
PROD000122,SEL000460,Alat Tulis,4801000.0
PROD000123,SEL000455,Ibu & Bayi,598000.0
PROD000124,SEL000073,Handphone & Tablet,2836000.0
PROD000125,SEL000223,Alat Tulis,159000.0
PROD000126,SEL000412,Komputer & Laptop,745000.0
PROD000127,SEL000303,Komputer & Laptop,1800000.0
PROD000128,SEL000347,Fashion Wanita,2176000.0
PROD000129,SEL000137,Fashion Pria,3920000.0
PROD000130,SEL000196,Makanan & Minuman,1898000.0
PROD000131,SEL000209,Ibu & Bayi,373000.0
PROD000132,SEL000425,Kesehatan & Kecantikan,85000.0
PROD000133,SEL000247,Komputer & Laptop,2136000.0
PROD000134,SEL000345,Ibu & Bayi,4413000.0
PROD000135,SEL000393,Kesehatan & Kecantikan,4038000.0
PROD000136,SEL000161,Makanan & Minuman,1691000.0
PROD000137,SEL000473,Komputer & Laptop,610000.0
PROD000138,SEL000432,Kesehatan & Kecantikan,3888000.0
PROD000139,SEL000205,Mainan & Hobi,753000.0
PROD000140,SEL000301,Komputer & Laptop,3868000.0
PROD000141,SEL000436,Mainan & Hobi,1367000.0
PROD000142,SEL000461,Elektronik,4275000.0
PROD000143,SEL000427,Fashion Wanita,2397000.0
PROD000144,SEL000115,Elektronik,43000.0
PROD000145,SEL000437,Mainan & Hobi,2177000.0
PROD000146,SEL000201,Olahraga,322000.0
PROD000147,SEL000029,Fashion Pria,4170000.0
PROD000148,SEL000391,Olahraga,2524000.0
PROD000149,SEL000039,Fashion Pria,3345000.0
PROD000150,SEL000417,Makanan & Minuman,1681000.0
PROD000151,SEL000497,Elektronik,249000.0
PROD000152,SEL000034,Olahraga,2644000.0
PROD000153,SEL000314,Ibu & Bayi,1403000.0
PROD000154,SEL000151,Ibu & Bayi,3037000.0
PROD000155,SEL000440,Handphone & Tablet,1614000.0
PROD000156,SEL000233,Olahraga,3871000.0
PROD000157,SEL000442,Ibu & Bayi,2614000.0
PROD000158,SEL000447,Makanan & Minuman,4748000.0
PROD000159,SEL000329,Olahraga,3139000.0
PROD000160,SEL000026,Handphone & Tablet,1848000.0
PROD000161,SEL000327,Rumah Tangga,1358000.0
PROD000162,SEL000459,Otomotif,2209000.0
PROD000163,SEL000307,Rumah Tangga,1960000.0
PROD000164,SEL000030,Handphone & Tablet,4715000.0
PROD000165,SEL000454,Fashion Wanita,3633000.0
PROD000166,SEL000391,Olahraga,3360000.0
PROD000167,SEL000306,Fashion Wanita,1729000.0
PROD000168,SEL000285,Komputer & Laptop,469000.0
PROD000169,SEL000447,Otomotif,3628000.0
PROD000170,SEL000423,Otomotif,4615000.0
PROD000171,SEL000473,Elektronik,4910000.0
PROD000172,SEL000290,Handphone & Tablet,4663000.0
PROD000173,SEL000035,Komputer & Laptop,3891000.0
PROD000174,SEL000012,Olahraga,4684000.0
PROD000175,SEL000346,Mainan & Hobi,1321000.0
PROD000176,SEL000497,Kesehatan & Kecantikan,1000000.0
PROD000177,SEL000233,Kesehatan & Kecantikan,455000.0
PROD000178,SEL000068,Alat Tulis,1796000.0
PROD000179,SEL000477,Fashion Wanita,1021000.0
PROD000180,SEL000469,Olahraga,552000.0
PROD000181,SEL000279,Fashion Pria,2327000.0
PROD000182,SEL000105,Fashion Wanita,3393000.0
PROD000183,SEL000041,Makanan & Minuman,825000.0
PROD000184,SEL000195,Fashion Pria,1102000.0
PROD000185,SEL000217,Kesehatan & Kecantikan,4128000.0
PROD000186,SEL000343,Alat Tulis,670000.0
PROD000187,SEL000254,Mainan & Hobi,2871000.0
PROD000188,SEL000177,Olahraga,615000.0
PROD000189,SEL000112,Otomotif,381000.0
PROD000190,SEL000342,Mainan & Hobi,1491000.0
PROD000191,SEL000136,Makanan & Minuman,255000.0
PROD000192,SEL000493,Fashion Wanita,4324000.0
PROD000193,SEL000166,Elektronik,713000.0
PROD000194,SEL000203,Rumah Tangga,2556000.0
PROD000195,SEL000499,Fashion Pria,2161000.0
PROD000196,SEL000146,Elektronik,1190000.0
PROD000197,SEL000105,Ibu & Bayi,1258000.0
PROD000198,SEL000053,Olahraga,2357000.0
PROD000199,SEL000056,Fashion Wanita,4526000.0
PROD000200,SEL000380,Komputer & Laptop,2503000.0
PROD000201,SEL000263,Fashion Wanita,4577000.0
PROD000202,SEL000039,Elektronik,4171000.0
PROD000203,SEL000328,Fashion Pria,4392000.0
PROD000204,SEL000458,Makanan & Minuman,2686000.0
PROD000205,SEL000094,Fashion Pria,3145000.0
PROD000206,SEL000134,Mainan & Hobi,4654000.0
PROD000207,SEL000215,Fashion Wanita,2867000.0
PROD000208,SEL000175,Handphone & Tablet,4150000.0
PROD000209,SEL000402,Handphone & Tablet,3437000.0
PROD000210,SEL000225,Kesehatan & Kecantikan,3792000.0
PROD000211,SEL000444,Kesehatan & Kecantikan,4375000.0
PROD000212,SEL000277,Kesehatan & Kecantikan,4384000.0
PROD000213,SEL000435,Mainan & Hobi,894000.0
PROD000214,SEL000349,Alat Tulis,2048000.0
PROD000215,SEL000174,Kesehatan & Kecantikan,2866000.0
PROD000216,SEL000231,Handphone & Tablet,124000.0
PROD000217,SEL000403,Handphone & Tablet,2947000.0
PROD000218,SEL000369,Ibu & Bayi,2149000.0
PROD000219,SEL000349,Fashion Pria,2273000.0
PROD000220,SEL000359,Elektronik,2019000.0
PROD000221,SEL000481,Otomotif,1187000.0
PROD000222,SEL000208,Mainan & Hobi,3902000.0
PROD000223,SEL000076,Komputer & Laptop,87000.0
PROD000224,SEL000392,Elektronik,1887000.0
PROD000225,SEL000074,Fashion Pria,3298000.0
PROD000226,SEL000088,Fashion Wanita,1127000.0
PROD000227,SEL000179,Alat Tulis,3373000.0
PROD000228,SEL000045,Olahraga,3397000.0
PROD000229,SEL000338,Alat Tulis,84000.0
PROD000230,SEL000172,Mainan & Hobi,4944000.0
PROD000231,SEL000480,Fashion Pria,3437000.0
PROD000232,SEL000208,Makanan & Minuman,760000.0
PROD000233,SEL000038,Mainan & Hobi,3260000.0
PROD000234,SEL000480,Fashion Wanita,373000.0
PROD000235,SEL000293,Fashion Wanita,1644000.0
PROD000236,SEL000204,Otomotif,3777000.0
PROD000237,SEL000489,Elektronik,2792000.0
PROD000238,SEL000274,Komputer & Laptop,3412000.0
PROD000239,SEL000121,Olahraga,3121000.0
PROD000240,SEL000278,Rumah Tangga,3919000.0
PROD000241,SEL000445,Elektronik,4766000.0
PROD000242,SEL000065,Elektronik,4256000.0
PROD000243,SEL000409,Elektronik,4757000.0
PROD000244,SEL000355,Handphone & Tablet,1157000.0
PROD000245,SEL000431,Mainan & Hobi,2171000.0
PROD000246,SEL000369,Makanan & Minuman,3587000.0
PROD000247,SEL000129,Mainan & Hobi,4846000.0
PROD000248,SEL000332,Fashion Wanita,1498000.0
PROD000249,SEL000311,Alat Tulis,4232000.0
PROD000250,SEL000313,Mainan & Hobi,2772000.0
PROD000251,SEL000034,Ibu & Bayi,429000.0
PROD000252,SEL000178,Otomotif,3134000.0
PROD000253,SEL000260,Otomotif,4813000.0
PROD000254,SEL000385,Elektronik,3479000.0
PROD000255,SEL000226,Fashion Pria,1791000.0
PROD000256,SEL000092,Kesehatan & Kecantikan,4477000.0
PROD000257,SEL000206,Otomotif,1959000.0
PROD000258,SEL000101,Mainan & Hobi,3848000.0
PROD000259,SEL000337,Fashion Wanita,141000.0
PROD000260,SEL000316,Otomotif,1382000.0
PROD000261,SEL000400,Fashion Pria,4818000.0
PROD000262,SEL000033,Handphone & Tablet,3143000.0
PROD000263,SEL000499,Otomotif,2480000.0
PROD000264,SEL000273,Otomotif,1929000.0
PROD000265,SEL000077,Makanan & Minuman,2877000.0
PROD000266,SEL000224,Mainan & Hobi,2491000.0
PROD000267,SEL000433,Fashion Wanita,4187000.0
PROD000268,SEL000067,Alat Tulis,2585000.0
PROD000269,SEL000101,Otomotif,4971000.0
PROD000270,SEL000020,Komputer & Laptop,3220000.0
PROD000271,SEL000163,Ibu & Bayi,2627000.0
PROD000272,SEL000205,Ibu & Bayi,939000.0
PROD000273,SEL000321,Komputer & Laptop,1195000.0
PROD000274,SEL000027,Handphone & Tablet,1354000.0
PROD000275,SEL000016,Ibu & Bayi,4475000.0
PROD000276,SEL000185,Komputer & Laptop,4972000.0
PROD000277,SEL000196,Handphone & Tablet,3102000.0
PROD000278,SEL000352,Otomotif,2850000.0
PROD000279,SEL000016,Ibu & Bayi,633000.0
PROD000280,SEL000144,Mainan & Hobi,888000.0
PROD000281,SEL000383,Alat Tulis,4264000.0
PROD000282,SEL000138,Rumah Tangga,921000.0
PROD000283,SEL000269,Olahraga,2309000.0
PROD000284,SEL000202,Kesehatan & Kecantikan,710000.0
PROD000285,SEL000424,Makanan & Minuman,1478000.0
PROD000286,SEL000327,Kesehatan & Kecantikan,3173000.0
PROD000287,SEL000069,Ibu & Bayi,2668000.0
PROD000288,SEL000295,Rumah Tangga,3950000.0
PROD000289,SEL000426,Kesehatan & Kecantikan,4333000.0
PROD000290,SEL000100,Mainan & Hobi,4803000.0
PROD000291,SEL000473,Makanan & Minuman,4673000.0
PROD000292,SEL000175,Olahraga,830000.0
PROD000293,SEL000041,Ibu & Bayi,3406000.0
PROD000294,SEL000168,Fashion Wanita,2670000.0
PROD000295,SEL000173,Handphone & Tablet,4947000.0
PROD000296,SEL000248,Fashion Wanita,4571000.0
PROD000297,SEL000176,Olahraga,847000.0
PROD000298,SEL000295,Fashion Wanita,2024000.0
PROD000299,SEL000302,Kesehatan & Kecantikan,4343000.0
PROD000300,SEL000114,Alat Tulis,2653000.0
PROD000301,SEL000401,Ibu & Bayi,1857000.0
PROD000302,SEL000115,Mainan & Hobi,540000.0
PROD000303,SEL000364,Olahraga,1852000.0
PROD000304,SEL000014,Ibu & Bayi,2453000.0
PROD000305,SEL000135,Olahraga,4748000.0
PROD000306,SEL000287,Alat Tulis,88000.0
PROD000307,SEL000165,Komputer & Laptop,2444000.0
PROD000308,SEL000349,Rumah Tangga,4126000.0
PROD000309,SEL000115,Elektronik,979000.0
PROD000310,SEL000322,Makanan & Minuman,609000.0
PROD000311,SEL000346,Mainan & Hobi,4123000.0
PROD000312,SEL000039,Fashion Pria,4570000.0
PROD000313,SEL000307,Otomotif,832000.0
PROD000314,SEL000102,Mainan & Hobi,4167000.0
PROD000315,SEL000171,Makanan & Minuman,1188000.0
PROD000316,SEL000407,Elektronik,439000.0
PROD000317,SEL000187,Kesehatan & Kecantikan,1979000.0
PROD000318,SEL000046,Alat Tulis,1475000.0
PROD000319,SEL000056,Alat Tulis,4140000.0
PROD000320,SEL000104,Fashion Pria,1091000.0
PROD000321,SEL000089,Alat Tulis,3101000.0
PROD000322,SEL000110,Olahraga,2385000.0
PROD000323,SEL000434,Mainan & Hobi,496000.0
PROD000324,SEL000409,Olahraga,2242000.0
PROD000325,SEL000163,Elektronik,90000.0
PROD000326,SEL000318,Rumah Tangga,4764000.0
PROD000327,SEL000077,Handphone & Tablet,4323000.0
PROD000328,SEL000411,Fashion Pria,1425000.0
PROD000329,SEL000395,Komputer & Laptop,445000.0
PROD000330,SEL000398,Alat Tulis,895000.0
PROD000331,SEL000197,Makanan & Minuman,2651000.0
PROD000332,SEL000063,Handphone & Tablet,2963000.0
PROD000333,SEL000243,Mainan & Hobi,310000.0
PROD000334,SEL000376,Fashion Wanita,3791000.0
PROD000335,SEL000004,Rumah Tangga,1811000.0
PROD000336,SEL000121,Mainan & Hobi,2639000.0
PROD000337,SEL000439,Komputer & Laptop,1748000.0
PROD000338,SEL000084,Fashion Wanita,4677000.0
PROD000339,SEL000286,Komputer & Laptop,4565000.0
PROD000340,SEL000398,Olahraga,2086000.0
PROD000341,SEL000490,Alat Tulis,4322000.0
PROD000342,SEL000299,Mainan & Hobi,2083000.0
PROD000343,SEL000387,Otomotif,2699000.0
PROD000344,SEL000144,Rumah Tangga,4314000.0
PROD000345,SEL000071,Otomotif,3533000.0
PROD000346,SEL000262,Alat Tulis,4916000.0
PROD000347,SEL000458,Ibu & Bayi,1405000.0
PROD000348,SEL000324,Alat Tulis,3667000.0
PROD000349,SEL000217,Alat Tulis,3985000.0
PROD000350,SEL000163,Komputer & Laptop,3566000.0
PROD000351,SEL000315,Rumah Tangga,897000.0
PROD000352,SEL000066,Rumah Tangga,4790000.0
PROD000353,SEL000467,Fashion Pria,4838000.0
PROD000354,SEL000416,Handphone & Tablet,2146000.0
PROD000355,SEL000171,Elektronik,689000.0
PROD000356,SEL000436,Elektronik,4414000.0
PROD000357,SEL000022,Fashion Wanita,4010000.0
PROD000358,SEL000191,Ibu & Bayi,1156000.0
PROD000359,SEL000332,Kesehatan & Kecantikan,373000.0
PROD000360,SEL000122,Fashion Wanita,3217000.0
PROD000361,SEL000423,Fashion Pria,3999000.0
PROD000362,SEL000445,Alat Tulis,356000.0
PROD000363,SEL000003,Alat Tulis,1706000.0
PROD000364,SEL000018,Mainan & Hobi,1028000.0
PROD000365,SEL000325,Olahraga,2782000.0
PROD000366,SEL000094,Ibu & Bayi,511000.0
PROD000367,SEL000156,Rumah Tangga,4257000.0
PROD000368,SEL000269,Makanan & Minuman,1922000.0
PROD000369,SEL000301,Makanan & Minuman,4976000.0
PROD000370,SEL000252,Fashion Wanita,2503000.0
PROD000371,SEL000436,Handphone & Tablet,4952000.0
PROD000372,SEL000114,Olahraga,2251000.0
PROD000373,SEL000327,Komputer & Laptop,2211000.0
PROD000374,SEL000487,Rumah Tangga,3219000.0
PROD000375,SEL000077,Handphone & Tablet,42000.0
PROD000376,SEL000188,Mainan & Hobi,4924000.0
PROD000377,SEL000361,Fashion Wanita,4597000.0
PROD000378,SEL000148,Kesehatan & Kecantikan,4749000.0
PROD000379,SEL000036,Mainan & Hobi,1100000.0
PROD000380,SEL000417,Fashion Wanita,3541000.0
PROD000381,SEL000414,Fashion Pria,3688000.0
PROD000382,SEL000098,Fashion Pria,640000.0
PROD000383,SEL000311,Fashion Wanita,4395000.0
PROD000384,SEL000331,Elektronik,3138000.0
PROD000385,SEL000320,Fashion Pria,304000.0
PROD000386,SEL000379,Elektronik,4429000.0
PROD000387,SEL000267,Kesehatan & Kecantikan,2083000.0
PROD000388,SEL000251,Fashion Wanita,1028000.0
PROD000389,SEL000284,Otomotif,1732000.0
PROD000390,SEL000273,Fashion Wanita,3837000.0
PROD000391,SEL000207,Mainan & Hobi,3534000.0
PROD000392,SEL000341,Otomotif,893000.0
PROD000393,SEL000093,Alat Tulis,2406000.0
PROD000394,SEL000165,Rumah Tangga,3737000.0
PROD000395,SEL000186,Mainan & Hobi,3142000.0
PROD000396,SEL000248,Fashion Wanita,1901000.0
PROD000397,SEL000442,Makanan & Minuman,4711000.0
PROD000398,SEL000167,Fashion Wanita,3097000.0
PROD000399,SEL000262,Komputer & Laptop,4276000.0
PROD000400,SEL000380,Otomotif,1918000.0
PROD000401,SEL000337,Mainan & Hobi,1213000.0
PROD000402,SEL000053,Olahraga,275000.0
PROD000403,SEL000445,Fashion Wanita,3594000.0
PROD000404,SEL000492,Fashion Pria,3231000.0
PROD000405,SEL000090,Fashion Pria,2291000.0
PROD000406,SEL000111,Kesehatan & Kecantikan,2220000.0
PROD000407,SEL000368,Handphone & Tablet,1094000.0
PROD000408,SEL000290,Ibu & Bayi,2917000.0
PROD000409,SEL000096,Elektronik,1636000.0
PROD000410,SEL000089,Fashion Wanita,2887000.0
PROD000411,SEL000291,Makanan & Minuman,1078000.0
PROD000412,SEL000211,Fashion Wanita,4777000.0
PROD000413,SEL000376,Olahraga,3999000.0
PROD000414,SEL000337,Makanan & Minuman,386000.0
PROD000415,SEL000156,Kesehatan & Kecantikan,2770000.0
PROD000416,SEL000074,Kesehatan & Kecantikan,4485000.0
PROD000417,SEL000167,Ibu & Bayi,1825000.0
PROD000418,SEL000494,Kesehatan & Kecantikan,3949000.0
PROD000419,SEL000439,Mainan & Hobi,1024000.0
PROD000420,SEL000285,Rumah Tangga,1341000.0
PROD000421,SEL000063,Otomotif,3627000.0
PROD000422,SEL000238,Handphone & Tablet,3721000.0
PROD000423,SEL000253,Kesehatan & Kecantikan,816000.0
PROD000424,SEL000202,Rumah Tangga,1243000.0
PROD000425,SEL000011,Makanan & Minuman,1670000.0
PROD000426,SEL000444,Rumah Tangga,2892000.0
PROD000427,SEL000488,Komputer & Laptop,2496000.0
PROD000428,SEL000367,Handphone & Tablet,591000.0
PROD000429,SEL000458,Otomotif,3022000.0
PROD000430,SEL000435,Makanan & Minuman,2200000.0
PROD000431,SEL000096,Makanan & Minuman,880000.0
PROD000432,SEL000036,Fashion Wanita,287000.0
PROD000433,SEL000127,Ibu & Bayi,4506000.0
PROD000434,SEL000240,Komputer & Laptop,2640000.0
PROD000435,SEL000255,Handphone & Tablet,571000.0
PROD000436,SEL000252,Handphone & Tablet,4478000.0
PROD000437,SEL000168,Fashion Wanita,2902000.0
PROD000438,SEL000286,Mainan & Hobi,1223000.0
PROD000439,SEL000077,Elektronik,4063000.0
PROD000440,SEL000386,Fashion Pria,682000.0
PROD000441,SEL000187,Olahraga,3649000.0
PROD000442,SEL000372,Elektronik,2744000.0
PROD000443,SEL000089,Elektronik,4418000.0
PROD000444,SEL000136,Komputer & Laptop,2776000.0
PROD000445,SEL000311,Komputer & Laptop,4699000.0
PROD000446,SEL000454,Otomotif,2598000.0
PROD000447,SEL000260,Makanan & Minuman,2197000.0
PROD000448,SEL000351,Kesehatan & Kecantikan,3470000.0
PROD000449,SEL000370,Handphone & Tablet,4394000.0
PROD000450,SEL000342,Mainan & Hobi,1793000.0
PROD000451,SEL000122,Ibu & Bayi,2680000.0
PROD000452,SEL000474,Elektronik,3995000.0
PROD000453,SEL000473,Komputer & Laptop,3954000.0
PROD000454,SEL000417,Komputer & Laptop,212000.0
PROD000455,SEL000009,Rumah Tangga,4890000.0
PROD000456,SEL000121,Olahraga,3231000.0
PROD000457,SEL000418,Makanan & Minuman,4277000.0
PROD000458,SEL000294,Alat Tulis,556000.0
PROD000459,SEL000035,Alat Tulis,4178000.0
PROD000460,SEL000084,Kesehatan & Kecantikan,4361000.0
PROD000461,SEL000293,Fashion Pria,124000.0
PROD000462,SEL000077,Ibu & Bayi,2890000.0
PROD000463,SEL000399,Handphone & Tablet,4710000.0
PROD000464,SEL000384,Alat Tulis,3323000.0
PROD000465,SEL000048,Rumah Tangga,1002000.0
PROD000466,SEL000142,Ibu & Bayi,4341000.0
PROD000467,SEL000262,Kesehatan & Kecantikan,293000.0
PROD000468,SEL000422,Kesehatan & Kecantikan,4559000.0
PROD000469,SEL000296,Olahraga,4961000.0
PROD000470,SEL000043,Kesehatan & Kecantikan,3437000.0
PROD000471,SEL000256,Fashion Pria,3047000.0
PROD000472,SEL000059,Fashion Wanita,1995000.0
PROD000473,SEL000325,Fashion Wanita,3661000.0
PROD000474,SEL000060,Kesehatan & Kecantikan,795000.0
PROD000475,SEL000444,Ibu & Bayi,4621000.0
PROD000476,SEL000492,Otomotif,2056000.0
PROD000477,SEL000386,Ibu & Bayi,707000.0
PROD000478,SEL000059,Makanan & Minuman,3859000.0
PROD000479,SEL000345,Fashion Pria,589000.0
PROD000480,SEL000196,Olahraga,531000.0
PROD000481,SEL000468,Fashion Wanita,219000.0
PROD000482,SEL000317,Handphone & Tablet,169000.0
PROD000483,SEL000070,Handphone & Tablet,1721000.0
PROD000484,SEL000381,Mainan & Hobi,3802000.0
PROD000485,SEL000478,Kesehatan & Kecantikan,998000.0
PROD000486,SEL000319,Handphone & Tablet,3651000.0
PROD000487,SEL000019,Rumah Tangga,2864000.0
PROD000488,SEL000221,Olahraga,1693000.0
PROD000489,SEL000275,Elektronik,3305000.0
PROD000490,SEL000234,Ibu & Bayi,4386000.0
PROD000491,SEL000416,Rumah Tangga,3885000.0
PROD000492,SEL000054,Fashion Wanita,3824000.0
PROD000493,SEL000145,Fashion Wanita,511000.0
PROD000494,SEL000146,Elektronik,3951000.0
PROD000495,SEL000350,Olahraga,3130000.0
PROD000496,SEL000072,Alat Tulis,4301000.0
PROD000497,SEL000296,Ibu & Bayi,1640000.0
PROD000498,SEL000069,Fashion Wanita,2986000.0
PROD000499,SEL000193,Fashion Wanita,95000.0
PROD000500,SEL000422,Makanan & Minuman,976000.0
PROD000501,SEL000434,Alat Tulis,4973000.0
PROD000502,SEL000180,Handphone & Tablet,1909000.0
PROD000503,SEL000405,Fashion Pria,4054000.0
PROD000504,SEL000377,Ibu & Bayi,16000.0
PROD000505,SEL000477,Kesehatan & Kecantikan,3581000.0
PROD000506,SEL000292,Makanan & Minuman,1733000.0
PROD000507,SEL000399,Handphone & Tablet,2921000.0
PROD000508,SEL000422,Elektronik,3884000.0
PROD000509,SEL000118,Otomotif,602000.0
PROD000510,SEL000142,Kesehatan & Kecantikan,2125000.0
PROD000511,SEL000184,Mainan & Hobi,1640000.0
PROD000512,SEL000188,Olahraga,1542000.0
PROD000513,SEL000474,Fashion Wanita,1068000.0
PROD000514,SEL000014,Rumah Tangga,4708000.0
PROD000515,SEL000455,Handphone & Tablet,3895000.0
PROD000516,SEL000014,Fashion Wanita,4951000.0
PROD000517,SEL000477,Elektronik,2118000.0
PROD000518,SEL000186,Makanan & Minuman,818000.0
PROD000519,SEL000119,Mainan & Hobi,2479000.0
PROD000520,SEL000031,Fashion Wanita,2999000.0
PROD000521,SEL000032,Otomotif,3597000.0
PROD000522,SEL000494,Fashion Pria,2162000.0
PROD000523,SEL000442,Makanan & Minuman,122000.0
PROD000524,SEL000117,Fashion Wanita,641000.0
PROD000525,SEL000145,Mainan & Hobi,3254000.0
PROD000526,SEL000462,Fashion Pria,1719000.0
PROD000527,SEL000134,Fashion Wanita,4141000.0
PROD000528,SEL000351,Ibu & Bayi,3214000.0
PROD000529,SEL000114,Handphone & Tablet,3555000.0
PROD000530,SEL000147,Elektronik,1256000.0
PROD000531,SEL000064,Elektronik,3085000.0
PROD000532,SEL000465,Olahraga,4783000.0
PROD000533,SEL000289,Komputer & Laptop,3203000.0
PROD000534,SEL000189,Olahraga,4466000.0
PROD000535,SEL000158,Makanan & Minuman,334000.0
PROD000536,SEL000227,Makanan & Minuman,3389000.0
PROD000537,SEL000179,Alat Tulis,1432000.0
PROD000538,SEL000432,Fashion Wanita,4729000.0
PROD000539,SEL000129,Otomotif,4209000.0
PROD000540,SEL000071,Komputer & Laptop,1263000.0
PROD000541,SEL000223,Elektronik,562000.0
PROD000542,SEL000285,Elektronik,3848000.0
PROD000543,SEL000409,Komputer & Laptop,2576000.0
PROD000544,SEL000020,Kesehatan & Kecantikan,143000.0
PROD000545,SEL000467,Handphone & Tablet,3965000.0
PROD000546,SEL000284,Kesehatan & Kecantikan,511000.0
PROD000547,SEL000205,Rumah Tangga,3820000.0
PROD000548,SEL000047,Otomotif,818000.0
PROD000549,SEL000265,Elektronik,2726000.0
PROD000550,SEL000265,Fashion Pria,4064000.0
PROD000551,SEL000344,Alat Tulis,2244000.0
PROD000552,SEL000076,Makanan & Minuman,162000.0
PROD000553,SEL000369,Fashion Pria,4871000.0
PROD000554,SEL000361,Elektronik,2323000.0
PROD000555,SEL000101,Mainan & Hobi,222000.0
PROD000556,SEL000232,Fashion Pria,1240000.0
PROD000557,SEL000237,Handphone & Tablet,1154000.0
PROD000558,SEL000041,Elektronik,4067000.0
PROD000559,SEL000148,Alat Tulis,4850000.0
PROD000560,SEL000489,Rumah Tangga,2465000.0
PROD000561,SEL000103,Komputer & Laptop,2009000.0
PROD000562,SEL000059,Handphone & Tablet,991000.0
PROD000563,SEL000009,Makanan & Minuman,2181000.0
PROD000564,SEL000179,Mainan & Hobi,4298000.0
PROD000565,SEL000347,Alat Tulis,2240000.0
PROD000566,SEL000361,Olahraga,2985000.0
PROD000567,SEL000255,Elektronik,1031000.0
PROD000568,SEL000288,Elektronik,1675000.0
PROD000569,SEL000344,Komputer & Laptop,4362000.0
PROD000570,SEL000103,Makanan & Minuman,2019000.0
PROD000571,SEL000422,Komputer & Laptop,4598000.0
PROD000572,SEL000226,Rumah Tangga,4193000.0
PROD000573,SEL000456,Olahraga,2190000.0
PROD000574,SEL000077,Fashion Pria,1773000.0
PROD000575,SEL000033,Mainan & Hobi,1210000.0
PROD000576,SEL000071,Handphone & Tablet,4270000.0
PROD000577,SEL000010,Elektronik,297000.0
PROD000578,SEL000137,Olahraga,2080000.0
PROD000579,SEL000052,Rumah Tangga,4826000.0
PROD000580,SEL000321,Makanan & Minuman,134000.0
PROD000581,SEL000035,Komputer & Laptop,591000.0
PROD000582,SEL000229,Makanan & Minuman,2433000.0
PROD000583,SEL000240,Fashion Pria,4571000.0
PROD000584,SEL000020,Elektronik,3748000.0
PROD000585,SEL000135,Makanan & Minuman,1187000.0
PROD000586,SEL000394,Mainan & Hobi,349000.0
PROD000587,SEL000367,Makanan & Minuman,3789000.0
PROD000588,SEL000440,Handphone & Tablet,3159000.0
PROD000589,SEL000139,Makanan & Minuman,25000.0
PROD000590,SEL000128,Ibu & Bayi,4987000.0
PROD000591,SEL000034,Alat Tulis,3924000.0
PROD000592,SEL000022,Rumah Tangga,3057000.0
PROD000593,SEL000257,Elektronik,4041000.0
PROD000594,SEL000153,Ibu & Bayi,4152000.0
PROD000595,SEL000421,Otomotif,4647000.0
PROD000596,SEL000203,Komputer & Laptop,3034000.0
PROD000597,SEL000253,Ibu & Bayi,1126000.0
PROD000598,SEL000034,Kesehatan & Kecantikan,2322000.0
PROD000599,SEL000225,Ibu & Bayi,610000.0
PROD000600,SEL000213,Olahraga,3019000.0
PROD000601,SEL000384,Rumah Tangga,519000.0
PROD000602,SEL000465,Olahraga,4778000.0
PROD000603,SEL000077,Kesehatan & Kecantikan,2430000.0
PROD000604,SEL000488,Elektronik,2430000.0
PROD000605,SEL000293,Rumah Tangga,1249000.0
PROD000606,SEL000426,Fashion Wanita,3813000.0
PROD000607,SEL000224,Fashion Wanita,1063000.0
PROD000608,SEL000353,Mainan & Hobi,3352000.0
PROD000609,SEL000305,Rumah Tangga,2918000.0
PROD000610,SEL000467,Fashion Pria,4978000.0
PROD000611,SEL000229,Komputer & Laptop,83000.0
PROD000612,SEL000365,Rumah Tangga,834000.0
PROD000613,SEL000221,Ibu & Bayi,706000.0
PROD000614,SEL000110,Otomotif,264000.0
PROD000615,SEL000236,Mainan & Hobi,4223000.0
PROD000616,SEL000055,Fashion Pria,2060000.0
PROD000617,SEL000431,Fashion Wanita,3307000.0
PROD000618,SEL000338,Elektronik,3158000.0
PROD000619,SEL000339,Ibu & Bayi,1305000.0
PROD000620,SEL000436,Mainan & Hobi,4719000.0
PROD000621,SEL000410,Fashion Pria,1184000.0
PROD000622,SEL000351,Handphone & Tablet,3757000.0
PROD000623,SEL000293,Mainan & Hobi,2981000.0
PROD000624,SEL000454,Komputer & Laptop,2928000.0
PROD000625,SEL000462,Fashion Wanita,4488000.0
PROD000626,SEL000043,Otomotif,4813000.0
PROD000627,SEL000375,Mainan & Hobi,2523000.0
PROD000628,SEL000301,Rumah Tangga,4640000.0
PROD000629,SEL000261,Elektronik,4078000.0
PROD000630,SEL000436,Fashion Pria,4853000.0
PROD000631,SEL000476,Olahraga,4472000.0
PROD000632,SEL000156,Mainan & Hobi,700000.0
PROD000633,SEL000389,Fashion Pria,2262000.0
PROD000634,SEL000451,Alat Tulis,2615000.0
PROD000635,SEL000378,Kesehatan & Kecantikan,2860000.0
PROD000636,SEL000226,Mainan & Hobi,1875000.0
PROD000637,SEL000478,Elektronik,2700000.0
PROD000638,SEL000032,Komputer & Laptop,138000.0
PROD000639,SEL000277,Elektronik,2100000.0
PROD000640,SEL000164,Otomotif,3336000.0
PROD000641,SEL000425,Fashion Wanita,4212000.0
PROD000642,SEL000195,Makanan & Minuman,435000.0
PROD000643,SEL000305,Olahraga,467000.0
PROD000644,SEL000332,Ibu & Bayi,429000.0
PROD000645,SEL000081,Mainan & Hobi,4456000.0
PROD000646,SEL000346,Makanan & Minuman,1359000.0
PROD000647,SEL000085,Makanan & Minuman,3355000.0
PROD000648,SEL000287,Mainan & Hobi,761000.0
PROD000649,SEL000372,Komputer & Laptop,1967000.0
PROD000650,SEL000483,Ibu & Bayi,4652000.0
PROD000651,SEL000245,Ibu & Bayi,3181000.0
PROD000652,SEL000137,Elektronik,2948000.0
PROD000653,SEL000118,Handphone & Tablet,598000.0
PROD000654,SEL000464,Komputer & Laptop,451000.0
PROD000655,SEL000298,Olahraga,571000.0
PROD000656,SEL000219,Elektronik,2477000.0
PROD000657,SEL000283,Ibu & Bayi,1248000.0
PROD000658,SEL000250,Rumah Tangga,3374000.0
PROD000659,SEL000414,Handphone & Tablet,2771000.0
PROD000660,SEL000115,Alat Tulis,3617000.0
PROD000661,SEL000182,Fashion Pria,3897000.0
PROD000662,SEL000236,Makanan & Minuman,3991000.0
PROD000663,SEL000413,Ibu & Bayi,3353000.0
PROD000664,SEL000204,Fashion Wanita,1471000.0
PROD000665,SEL000024,Makanan & Minuman,4632000.0
PROD000666,SEL000360,Ibu & Bayi,1422000.0
PROD000667,SEL000313,Olahraga,1925000.0
PROD000668,SEL000128,Handphone & Tablet,1332000.0
PROD000669,SEL000314,Olahraga,138000.0
PROD000670,SEL000232,Mainan & Hobi,1569000.0
PROD000671,SEL000034,Otomotif,68000.0
PROD000672,SEL000288,Alat Tulis,520000.0
PROD000673,SEL000073,Fashion Wanita,4906000.0
PROD000674,SEL000183,Makanan & Minuman,3803000.0
PROD000675,SEL000423,Ibu & Bayi,2039000.0
PROD000676,SEL000278,Mainan & Hobi,634000.0
PROD000677,SEL000258,Makanan & Minuman,4801000.0
PROD000678,SEL000399,Kesehatan & Kecantikan,1337000.0
PROD000679,SEL000205,Mainan & Hobi,3486000.0
PROD000680,SEL000117,Makanan & Minuman,215000.0
PROD000681,SEL000224,Fashion Wanita,4925000.0
PROD000682,SEL000203,Otomotif,765000.0
PROD000683,SEL000386,Mainan & Hobi,2231000.0
PROD000684,SEL000295,Fashion Pria,2130000.0
PROD000685,SEL000320,Fashion Pria,455000.0
PROD000686,SEL000038,Kesehatan & Kecantikan,4994000.0
PROD000687,SEL000058,Makanan & Minuman,4481000.0
PROD000688,SEL000372,Kesehatan & Kecantikan,1795000.0
PROD000689,SEL000387,Makanan & Minuman,3204000.0
PROD000690,SEL000084,Kesehatan & Kecantikan,3577000.0
PROD000691,SEL000056,Kesehatan & Kecantikan,1075000.0
PROD000692,SEL000369,Olahraga,4473000.0
PROD000693,SEL000175,Fashion Wanita,4905000.0
PROD000694,SEL000023,Rumah Tangga,1613000.0
PROD000695,SEL000262,Fashion Pria,2009000.0
PROD000696,SEL000400,Handphone & Tablet,119000.0
PROD000697,SEL000085,Alat Tulis,4533000.0
PROD000698,SEL000143,Komputer & Laptop,1517000.0
PROD000699,SEL000075,Rumah Tangga,632000.0
PROD000700,SEL000050,Olahraga,1596000.0
PROD000701,SEL000017,Kesehatan & Kecantikan,3488000.0
PROD000702,SEL000141,Elektronik,3941000.0
PROD000703,SEL000214,Olahraga,4227000.0
PROD000704,SEL000241,Komputer & Laptop,3704000.0
PROD000705,SEL000460,Handphone & Tablet,336000.0
PROD000706,SEL000265,Fashion Wanita,3504000.0
PROD000707,SEL000305,Mainan & Hobi,2870000.0
PROD000708,SEL000280,Ibu & Bayi,219000.0
PROD000709,SEL000278,Handphone & Tablet,24000.0
PROD000710,SEL000206,Otomotif,4168000.0
PROD000711,SEL000075,Fashion Pria,1365000.0
PROD000712,SEL000227,Rumah Tangga,2074000.0
PROD000713,SEL000435,Fashion Pria,3939000.0
PROD000714,SEL000430,Alat Tulis,3117000.0
PROD000715,SEL000471,Olahraga,3137000.0
PROD000716,SEL000485,Rumah Tangga,2734000.0
PROD000717,SEL000316,Ibu & Bayi,2697000.0
PROD000718,SEL000413,Kesehatan & Kecantikan,3497000.0
PROD000719,SEL000298,Olahraga,3485000.0
PROD000720,SEL000282,Otomotif,1565000.0
PROD000721,SEL000260,Olahraga,2840000.0
PROD000722,SEL000353,Fashion Pria,1643000.0
PROD000723,SEL000302,Rumah Tangga,4895000.0
PROD000724,SEL000412,Ibu & Bayi,256000.0
PROD000725,SEL000064,Makanan & Minuman,682000.0
PROD000726,SEL000307,Ibu & Bayi,911000.0
PROD000727,SEL000433,Ibu & Bayi,3907000.0
PROD000728,SEL000185,Kesehatan & Kecantikan,3488000.0
PROD000729,SEL000196,Handphone & Tablet,232000.0
PROD000730,SEL000059,Fashion Pria,2378000.0
PROD000731,SEL000217,Ibu & Bayi,3644000.0
PROD000732,SEL000117,Makanan & Minuman,2694000.0
PROD000733,SEL000395,Mainan & Hobi,4039000.0
PROD000734,SEL000107,Olahraga,1579000.0
PROD000735,SEL000211,Handphone & Tablet,3242000.0
PROD000736,SEL000052,Mainan & Hobi,2901000.0
PROD000737,SEL000168,Alat Tulis,3001000.0
PROD000738,SEL000195,Otomotif,48000.0
PROD000739,SEL000013,Makanan & Minuman,3284000.0
PROD000740,SEL000294,Rumah Tangga,4037000.0
PROD000741,SEL000153,Mainan & Hobi,4857000.0
PROD000742,SEL000129,Fashion Wanita,244000.0
PROD000743,SEL000472,Olahraga,4993000.0
PROD000744,SEL000350,Rumah Tangga,3930000.0
PROD000745,SEL000380,Mainan & Hobi,3071000.0
PROD000746,SEL000221,Otomotif,2058000.0
PROD000747,SEL000168,Komputer & Laptop,2185000.0
PROD000748,SEL000083,Elektronik,4103000.0
PROD000749,SEL000477,Rumah Tangga,1581000.0
PROD000750,SEL000443,Alat Tulis,2455000.0
PROD000751,SEL000227,Alat Tulis,2692000.0
PROD000752,SEL000015,Makanan & Minuman,2259000.0
PROD000753,SEL000488,Rumah Tangga,3842000.0
PROD000754,SEL000494,Kesehatan & Kecantikan,970000.0
PROD000755,SEL000260,Komputer & Laptop,3047000.0
PROD000756,SEL000218,Fashion Wanita,1220000.0
PROD000757,SEL000401,Alat Tulis,1298000.0
PROD000758,SEL000208,Olahraga,3919000.0
PROD000759,SEL000438,Ibu & Bayi,930000.0
PROD000760,SEL000215,Alat Tulis,3506000.0
PROD000761,SEL000028,Fashion Pria,1988000.0
PROD000762,SEL000172,Makanan & Minuman,3045000.0
PROD000763,SEL000118,Elektronik,56000.0
PROD000764,SEL000478,Ibu & Bayi,2133000.0
PROD000765,SEL000439,Fashion Wanita,601000.0
PROD000766,SEL000078,Rumah Tangga,913000.0
PROD000767,SEL000391,Komputer & Laptop,2265000.0
PROD000768,SEL000494,Otomotif,3473000.0
PROD000769,SEL000243,Rumah Tangga,2012000.0
PROD000770,SEL000392,Alat Tulis,3070000.0
PROD000771,SEL000200,Elektronik,527000.0
PROD000772,SEL000091,Rumah Tangga,3549000.0
PROD000773,SEL000052,Fashion Pria,1869000.0
PROD000774,SEL000498,Mainan & Hobi,4078000.0
PROD000775,SEL000129,Mainan & Hobi,3986000.0
PROD000776,SEL000328,Olahraga,4967000.0
PROD000777,SEL000004,Komputer & Laptop,4523000.0
PROD000778,SEL000275,Elektronik,551000.0
PROD000779,SEL000302,Mainan & Hobi,4910000.0
PROD000780,SEL000247,Handphone & Tablet,2478000.0
PROD000781,SEL000287,Fashion Wanita,987000.0
PROD000782,SEL000041,Fashion Wanita,2893000.0
PROD000783,SEL000452,Alat Tulis,2226000.0
PROD000784,SEL000403,Elektronik,4656000.0
PROD000785,SEL000140,Otomotif,683000.0
PROD000786,SEL000368,Olahraga,3965000.0
PROD000787,SEL000437,Fashion Wanita,3197000.0
PROD000788,SEL000218,Fashion Pria,745000.0
PROD000789,SEL000057,Fashion Wanita,277000.0
PROD000790,SEL000271,Rumah Tangga,1152000.0
PROD000791,SEL000389,Otomotif,1717000.0
PROD000792,SEL000221,Alat Tulis,3485000.0
PROD000793,SEL000374,Olahraga,4333000.0
PROD000794,SEL000273,Elektronik,2311000.0
PROD000795,SEL000180,Ibu & Bayi,852000.0
PROD000796,SEL000136,Mainan & Hobi,882000.0
PROD000797,SEL000066,Fashion Pria,3362000.0
PROD000798,SEL000356,Komputer & Laptop,1170000.0
PROD000799,SEL000167,Rumah Tangga,1817000.0
PROD000800,SEL000386,Rumah Tangga,245000.0
PROD000801,SEL000347,Olahraga,1280000.0
PROD000802,SEL000335,Alat Tulis,1433000.0
PROD000803,SEL000240,Alat Tulis,3701000.0
PROD000804,SEL000446,Kesehatan & Kecantikan,4229000.0
PROD000805,SEL000040,Fashion Pria,708000.0
PROD000806,SEL000100,Fashion Wanita,4674000.0
PROD000807,SEL000230,Rumah Tangga,3851000.0
PROD000808,SEL000315,Komputer & Laptop,3685000.0
PROD000809,SEL000252,Ibu & Bayi,4701000.0
PROD000810,SEL000376,Fashion Pria,2259000.0
PROD000811,SEL000462,Komputer & Laptop,1997000.0
PROD000812,SEL000106,Kesehatan & Kecantikan,3326000.0
PROD000813,SEL000331,Ibu & Bayi,3396000.0
PROD000814,SEL000086,Otomotif,857000.0
PROD000815,SEL000099,Mainan & Hobi,2699000.0
PROD000816,SEL000351,Fashion Wanita,4100000.0
PROD000817,SEL000460,Otomotif,1775000.0
PROD000818,SEL000007,Ibu & Bayi,2719000.0
PROD000819,SEL000411,Fashion Pria,3038000.0
PROD000820,SEL000199,Kesehatan & Kecantikan,4135000.0
PROD000821,SEL000131,Alat Tulis,3577000.0
PROD000822,SEL000100,Elektronik,1939000.0
PROD000823,SEL000406,Kesehatan & Kecantikan,1632000.0
PROD000824,SEL000280,Mainan & Hobi,4150000.0
PROD000825,SEL000137,Makanan & Minuman,4470000.0
PROD000826,SEL000170,Kesehatan & Kecantikan,4407000.0
PROD000827,SEL000007,Elektronik,4291000.0
PROD000828,SEL000442,Handphone & Tablet,3941000.0
PROD000829,SEL000380,Fashion Pria,2578000.0
PROD000830,SEL000367,Olahraga,2208000.0
PROD000831,SEL000259,Rumah Tangga,2576000.0
PROD000832,SEL000035,Olahraga,1733000.0
PROD000833,SEL000089,Rumah Tangga,1278000.0
PROD000834,SEL000470,Ibu & Bayi,4778000.0
PROD000835,SEL000134,Rumah Tangga,2143000.0
PROD000836,SEL000423,Mainan & Hobi,1059000.0
PROD000837,SEL000274,Alat Tulis,3445000.0
PROD000838,SEL000244,Makanan & Minuman,3102000.0
PROD000839,SEL000231,Handphone & Tablet,3924000.0
PROD000840,SEL000055,Elektronik,3213000.0
PROD000841,SEL000334,Komputer & Laptop,4553000.0
PROD000842,SEL000372,Ibu & Bayi,1609000.0
PROD000843,SEL000330,Makanan & Minuman,625000.0
PROD000844,SEL000275,Otomotif,4802000.0
PROD000845,SEL000263,Ibu & Bayi,1285000.0
PROD000846,SEL000276,Handphone & Tablet,1936000.0
PROD000847,SEL000319,Makanan & Minuman,2901000.0
PROD000848,SEL000301,Mainan & Hobi,2577000.0
PROD000849,SEL000080,Komputer & Laptop,3456000.0
PROD000850,SEL000032,Rumah Tangga,4966000.0
PROD000851,SEL000162,Otomotif,2898000.0
PROD000852,SEL000069,Otomotif,532000.0
PROD000853,SEL000430,Otomotif,3408000.0
PROD000854,SEL000130,Olahraga,1170000.0
PROD000855,SEL000415,Fashion Pria,4311000.0
PROD000856,SEL000307,Mainan & Hobi,3741000.0
PROD000857,SEL000196,Handphone & Tablet,1271000.0
PROD000858,SEL000138,Fashion Wanita,4524000.0
PROD000859,SEL000426,Mainan & Hobi,3247000.0
PROD000860,SEL000304,Otomotif,822000.0
PROD000861,SEL000121,Kesehatan & Kecantikan,2844000.0
PROD000862,SEL000053,Fashion Wanita,4879000.0
PROD000863,SEL000331,Ibu & Bayi,2753000.0
PROD000864,SEL000016,Olahraga,4601000.0
PROD000865,SEL000081,Makanan & Minuman,1058000.0
PROD000866,SEL000089,Mainan & Hobi,4336000.0
PROD000867,SEL000474,Elektronik,3561000.0
PROD000868,SEL000286,Kesehatan & Kecantikan,847000.0
PROD000869,SEL000063,Elektronik,4083000.0
PROD000870,SEL000008,Fashion Wanita,1158000.0
PROD000871,SEL000456,Elektronik,91000.0
PROD000872,SEL000355,Mainan & Hobi,1936000.0
PROD000873,SEL000223,Olahraga,582000.0
PROD000874,SEL000466,Elektronik,2545000.0
PROD000875,SEL000324,Makanan & Minuman,3361000.0
PROD000876,SEL000286,Komputer & Laptop,3387000.0
PROD000877,SEL000367,Olahraga,617000.0
PROD000878,SEL000281,Fashion Pria,4091000.0
PROD000879,SEL000097,Alat Tulis,1925000.0
PROD000880,SEL000048,Rumah Tangga,318000.0
PROD000881,SEL000371,Kesehatan & Kecantikan,4490000.0
PROD000882,SEL000149,Alat Tulis,3253000.0
PROD000883,SEL000329,Fashion Pria,2952000.0
PROD000884,SEL000387,Elektronik,3933000.0
PROD000885,SEL000142,Olahraga,3917000.0
PROD000886,SEL000393,Mainan & Hobi,3211000.0
PROD000887,SEL000100,Alat Tulis,1554000.0
PROD000888,SEL000444,Makanan & Minuman,1589000.0
PROD000889,SEL000347,Komputer & Laptop,497000.0
PROD000890,SEL000002,Kesehatan & Kecantikan,3669000.0
PROD000891,SEL000009,Otomotif,4178000.0
PROD000892,SEL000207,Fashion Wanita,28000.0
PROD000893,SEL000419,Rumah Tangga,4718000.0
PROD000894,SEL000488,Handphone & Tablet,2946000.0
PROD000895,SEL000225,Fashion Pria,1664000.0
PROD000896,SEL000463,Handphone & Tablet,240000.0
PROD000897,SEL000222,Ibu & Bayi,1956000.0
PROD000898,SEL000138,Fashion Pria,378000.0
PROD000899,SEL000464,Ibu & Bayi,1971000.0
PROD000900,SEL000190,Rumah Tangga,4339000.0
PROD000901,SEL000363,Fashion Pria,3523000.0
PROD000902,SEL000457,Kesehatan & Kecantikan,4934000.0
PROD000903,SEL000001,Komputer & Laptop,2241000.0
PROD000904,SEL000166,Fashion Pria,2000000.0
PROD000905,SEL000419,Makanan & Minuman,1352000.0
PROD000906,SEL000317,Otomotif,219000.0
PROD000907,SEL000315,Elektronik,1843000.0
PROD000908,SEL000288,Komputer & Laptop,981000.0
PROD000909,SEL000215,Mainan & Hobi,1019000.0
PROD000910,SEL000284,Fashion Wanita,1896000.0
PROD000911,SEL000372,Makanan & Minuman,2827000.0
PROD000912,SEL000208,Fashion Wanita,1948000.0
PROD000913,SEL000236,Komputer & Laptop,87000.0
PROD000914,SEL000120,Mainan & Hobi,2173000.0
PROD000915,SEL000285,Mainan & Hobi,4490000.0
PROD000916,SEL000290,Fashion Pria,2368000.0
PROD000917,SEL000350,Ibu & Bayi,3208000.0
PROD000918,SEL000401,Makanan & Minuman,373000.0
PROD000919,SEL000016,Alat Tulis,4016000.0
PROD000920,SEL000220,Fashion Wanita,1821000.0
PROD000921,SEL000433,Fashion Pria,2851000.0
PROD000922,SEL000460,Olahraga,127000.0
PROD000923,SEL000305,Kesehatan & Kecantikan,641000.0
PROD000924,SEL000483,Fashion Pria,672000.0
PROD000925,SEL000452,Handphone & Tablet,3822000.0
PROD000926,SEL000184,Otomotif,4248000.0
PROD000927,SEL000324,Mainan & Hobi,2891000.0
PROD000928,SEL000426,Fashion Wanita,1907000.0
PROD000929,SEL000155,Fashion Pria,2771000.0
PROD000930,SEL000003,Komputer & Laptop,4719000.0
PROD000931,SEL000460,Makanan & Minuman,1849000.0
PROD000932,SEL000072,Fashion Pria,3922000.0
PROD000933,SEL000185,Alat Tulis,2557000.0
PROD000934,SEL000498,Fashion Pria,2308000.0
PROD000935,SEL000234,Rumah Tangga,3533000.0
PROD000936,SEL000344,Handphone & Tablet,698000.0
PROD000937,SEL000152,Olahraga,3015000.0
PROD000938,SEL000402,Fashion Pria,492000.0
PROD000939,SEL000345,Komputer & Laptop,4176000.0
PROD000940,SEL000283,Fashion Wanita,1409000.0
PROD000941,SEL000312,Handphone & Tablet,2965000.0
PROD000942,SEL000482,Fashion Wanita,2184000.0
PROD000943,SEL000091,Fashion Wanita,713000.0
PROD000944,SEL000483,Otomotif,1678000.0
PROD000945,SEL000301,Fashion Pria,2252000.0
PROD000946,SEL000416,Handphone & Tablet,4409000.0
PROD000947,SEL000468,Rumah Tangga,3608000.0
PROD000948,SEL000188,Rumah Tangga,4582000.0
PROD000949,SEL000054,Mainan & Hobi,1740000.0
PROD000950,SEL000151,Alat Tulis,2436000.0
PROD000951,SEL000428,Elektronik,1602000.0
PROD000952,SEL000400,Mainan & Hobi,641000.0
PROD000953,SEL000433,Makanan & Minuman,716000.0
PROD000954,SEL000433,Alat Tulis,2490000.0
PROD000955,SEL000001,Handphone & Tablet,2877000.0
PROD000956,SEL000481,Handphone & Tablet,258000.0
PROD000957,SEL000324,Olahraga,1106000.0
PROD000958,SEL000361,Alat Tulis,2056000.0
PROD000959,SEL000487,Elektronik,2302000.0
PROD000960,SEL000109,Fashion Wanita,1399000.0
PROD000961,SEL000443,Otomotif,4959000.0
PROD000962,SEL000258,Fashion Wanita,4599000.0
PROD000963,SEL000313,Alat Tulis,4438000.0
PROD000964,SEL000454,Komputer & Laptop,1407000.0
PROD000965,SEL000030,Fashion Pria,2433000.0
PROD000966,SEL000334,Mainan & Hobi,922000.0
PROD000967,SEL000353,Rumah Tangga,3588000.0
PROD000968,SEL000124,Fashion Pria,690000.0
PROD000969,SEL000215,Fashion Pria,1954000.0
PROD000970,SEL000479,Mainan & Hobi,4622000.0
PROD000971,SEL000407,Komputer & Laptop,1872000.0
PROD000972,SEL000247,Fashion Pria,304000.0
PROD000973,SEL000180,Mainan & Hobi,3211000.0
PROD000974,SEL000386,Elektronik,466000.0
PROD000975,SEL000295,Alat Tulis,4874000.0
PROD000976,SEL000313,Fashion Wanita,4221000.0
PROD000977,SEL000454,Komputer & Laptop,555000.0
PROD000978,SEL000418,Ibu & Bayi,440000.0
PROD000979,SEL000096,Olahraga,414000.0
PROD000980,SEL000451,Elektronik,3722000.0
PROD000981,SEL000117,Komputer & Laptop,2209000.0
PROD000982,SEL000421,Makanan & Minuman,689000.0
PROD000983,SEL000023,Elektronik,2317000.0
PROD000984,SEL000415,Olahraga,2972000.0
PROD000985,SEL000349,Elektronik,33000.0
PROD000986,SEL000248,Rumah Tangga,4531000.0
PROD000987,SEL000425,Ibu & Bayi,442000.0
PROD000988,SEL000259,Makanan & Minuman,3928000.0
PROD000989,SEL000288,Handphone & Tablet,1643000.0
PROD000990,SEL000151,Kesehatan & Kecantikan,4056000.0
PROD000991,SEL000073,Komputer & Laptop,2842000.0
PROD000992,SEL000240,Olahraga,2970000.0
PROD000993,SEL000294,Kesehatan & Kecantikan,4327000.0
PROD000994,SEL000212,Alat Tulis,666000.0
PROD000995,SEL000132,Rumah Tangga,4783000.0
PROD000996,SEL000393,Fashion Pria,2073000.0
PROD000997,SEL000376,Fashion Pria,4797000.0
PROD000998,SEL000407,Handphone & Tablet,2578000.0
PROD000999,SEL000073,Otomotif,1019000.0
PROD001000,SEL000160,Komputer & Laptop,2697000.0
PROD001001,SEL000110,Komputer & Laptop,3630000.0
PROD001002,SEL000037,Elektronik,1297000.0
PROD001003,SEL000024,Fashion Wanita,1765000.0
PROD001004,SEL000288,Ibu & Bayi,3058000.0
PROD001005,SEL000114,Ibu & Bayi,924000.0
PROD001006,SEL000240,Rumah Tangga,1075000.0
PROD001007,SEL000452,Komputer & Laptop,3955000.0
PROD001008,SEL000185,Otomotif,1288000.0
PROD001009,SEL000392,Kesehatan & Kecantikan,1694000.0
PROD001010,SEL000471,Fashion Wanita,2109000.0
PROD001011,SEL000031,Olahraga,4312000.0
PROD001012,SEL000280,Olahraga,204000.0
PROD001013,SEL000220,Otomotif,977000.0
PROD001014,SEL000281,Kesehatan & Kecantikan,4949000.0
PROD001015,SEL000129,Rumah Tangga,4655000.0
PROD001016,SEL000258,Kesehatan & Kecantikan,2740000.0
PROD001017,SEL000496,Fashion Wanita,1596000.0
PROD001018,SEL000117,Olahraga,4606000.0
PROD001019,SEL000409,Ibu & Bayi,4846000.0
PROD001020,SEL000153,Olahraga,4576000.0
PROD001021,SEL000277,Elektronik,1661000.0
PROD001022,SEL000028,Otomotif,4083000.0
PROD001023,SEL000475,Rumah Tangga,3526000.0
PROD001024,SEL000202,Alat Tulis,2250000.0
PROD001025,SEL000172,Alat Tulis,410000.0
PROD001026,SEL000492,Olahraga,806000.0
PROD001027,SEL000290,Fashion Wanita,3649000.0
PROD001028,SEL000005,Makanan & Minuman,180000.0
PROD001029,SEL000480,Alat Tulis,4513000.0
PROD001030,SEL000167,Fashion Pria,222000.0
PROD001031,SEL000323,Handphone & Tablet,1554000.0
PROD001032,SEL000015,Ibu & Bayi,4951000.0
PROD001033,SEL000053,Kesehatan & Kecantikan,508000.0
PROD001034,SEL000043,Fashion Pria,2319000.0
PROD001035,SEL000260,Olahraga,483000.0
PROD001036,SEL000352,Elektronik,720000.0
PROD001037,SEL000413,Rumah Tangga,3524000.0
PROD001038,SEL000228,Ibu & Bayi,1951000.0
PROD001039,SEL000352,Handphone & Tablet,894000.0
PROD001040,SEL000325,Elektronik,2037000.0
PROD001041,SEL000318,Alat Tulis,4598000.0
PROD001042,SEL000162,Rumah Tangga,3496000.0
PROD001043,SEL000043,Ibu & Bayi,894000.0
PROD001044,SEL000001,Fashion Pria,3338000.0
PROD001045,SEL000094,Otomotif,4507000.0
PROD001046,SEL000402,Komputer & Laptop,4501000.0
PROD001047,SEL000183,Elektronik,63000.0
PROD001048,SEL000441,Olahraga,3800000.0
PROD001049,SEL000359,Elektronik,404000.0
PROD001050,SEL000057,Alat Tulis,1081000.0
PROD001051,SEL000369,Fashion Wanita,4533000.0
PROD001052,SEL000178,Komputer & Laptop,3277000.0
PROD001053,SEL000352,Makanan & Minuman,1306000.0
PROD001054,SEL000325,Makanan & Minuman,1706000.0
PROD001055,SEL000225,Rumah Tangga,229000.0
PROD001056,SEL000428,Otomotif,508000.0
PROD001057,SEL000227,Handphone & Tablet,964000.0
PROD001058,SEL000067,Otomotif,2979000.0
PROD001059,SEL000026,Alat Tulis,3544000.0
PROD001060,SEL000303,Ibu & Bayi,1837000.0
PROD001061,SEL000015,Kesehatan & Kecantikan,3335000.0
PROD001062,SEL000425,Fashion Pria,250000.0
PROD001063,SEL000202,Rumah Tangga,4787000.0
PROD001064,SEL000319,Kesehatan & Kecantikan,4849000.0
PROD001065,SEL000396,Handphone & Tablet,71000.0
PROD001066,SEL000354,Makanan & Minuman,601000.0
PROD001067,SEL000143,Alat Tulis,639000.0
PROD001068,SEL000017,Kesehatan & Kecantikan,2148000.0
PROD001069,SEL000260,Makanan & Minuman,3497000.0
PROD001070,SEL000390,Rumah Tangga,331000.0
PROD001071,SEL000278,Rumah Tangga,3138000.0
PROD001072,SEL000466,Fashion Pria,4778000.0
PROD001073,SEL000335,Alat Tulis,4404000.0
PROD001074,SEL000316,Fashion Wanita,4800000.0
PROD001075,SEL000184,Alat Tulis,3802000.0
PROD001076,SEL000125,Alat Tulis,3433000.0
PROD001077,SEL000175,Fashion Wanita,238000.0
PROD001078,SEL000199,Fashion Pria,176000.0
PROD001079,SEL000209,Otomotif,2851000.0
PROD001080,SEL000296,Elektronik,3224000.0
PROD001081,SEL000204,Makanan & Minuman,2148000.0
PROD001082,SEL000468,Mainan & Hobi,303000.0
PROD001083,SEL000280,Olahraga,3588000.0
PROD001084,SEL000245,Rumah Tangga,230000.0
PROD001085,SEL000357,Kesehatan & Kecantikan,4981000.0
PROD001086,SEL000257,Rumah Tangga,3475000.0
PROD001087,SEL000065,Handphone & Tablet,4450000.0
PROD001088,SEL000112,Ibu & Bayi,977000.0
PROD001089,SEL000435,Rumah Tangga,1541000.0
PROD001090,SEL000358,Alat Tulis,4311000.0
PROD001091,SEL000011,Elektronik,1969000.0
PROD001092,SEL000235,Olahraga,3796000.0
PROD001093,SEL000434,Fashion Wanita,1678000.0
PROD001094,SEL000005,Kesehatan & Kecantikan,812000.0
PROD001095,SEL000179,Elektronik,374000.0
PROD001096,SEL000109,Olahraga,1572000.0
PROD001097,SEL000067,Olahraga,926000.0
PROD001098,SEL000055,Otomotif,2691000.0
PROD001099,SEL000095,Makanan & Minuman,315000.0
PROD001100,SEL000096,Ibu & Bayi,4736000.0
PROD001101,SEL000360,Komputer & Laptop,756000.0
PROD001102,SEL000405,Kesehatan & Kecantikan,1545000.0
PROD001103,SEL000439,Fashion Pria,358000.0
PROD001104,SEL000378,Komputer & Laptop,169000.0
PROD001105,SEL000021,Ibu & Bayi,4476000.0
PROD001106,SEL000216,Ibu & Bayi,242000.0
PROD001107,SEL000126,Elektronik,3190000.0
PROD001108,SEL000492,Mainan & Hobi,2783000.0
PROD001109,SEL000212,Mainan & Hobi,1274000.0
PROD001110,SEL000008,Fashion Wanita,4433000.0
PROD001111,SEL000060,Fashion Pria,1926000.0
PROD001112,SEL000228,Kesehatan & Kecantikan,3975000.0
PROD001113,SEL000316,Elektronik,1415000.0
PROD001114,SEL000348,Alat Tulis,4789000.0
PROD001115,SEL000473,Otomotif,1677000.0
PROD001116,SEL000449,Makanan & Minuman,2787000.0
PROD001117,SEL000279,Otomotif,1623000.0
PROD001118,SEL000290,Fashion Wanita,448000.0
PROD001119,SEL000304,Handphone & Tablet,2972000.0
PROD001120,SEL000217,Rumah Tangga,846000.0
PROD001121,SEL000024,Kesehatan & Kecantikan,4767000.0
PROD001122,SEL000124,Olahraga,3358000.0
PROD001123,SEL000452,Fashion Wanita,3989000.0
PROD001124,SEL000453,Handphone & Tablet,716000.0
PROD001125,SEL000190,Alat Tulis,2608000.0
PROD001126,SEL000040,Rumah Tangga,2315000.0
PROD001127,SEL000238,Elektronik,3478000.0
PROD001128,SEL000065,Elektronik,4538000.0
PROD001129,SEL000059,Fashion Pria,4008000.0
PROD001130,SEL000432,Fashion Wanita,1136000.0
PROD001131,SEL000385,Mainan & Hobi,41000.0
PROD001132,SEL000097,Olahraga,3505000.0
PROD001133,SEL000087,Fashion Pria,3239000.0
PROD001134,SEL000312,Handphone & Tablet,3305000.0
PROD001135,SEL000035,Alat Tulis,4535000.0
PROD001136,SEL000269,Komputer & Laptop,631000.0
PROD001137,SEL000294,Otomotif,3617000.0
PROD001138,SEL000352,Alat Tulis,2832000.0
PROD001139,SEL000223,Fashion Pria,3866000.0
PROD001140,SEL000258,Olahraga,1065000.0
PROD001141,SEL000191,Alat Tulis,2756000.0
PROD001142,SEL000042,Handphone & Tablet,2947000.0
PROD001143,SEL000161,Makanan & Minuman,3751000.0
PROD001144,SEL000354,Otomotif,846000.0
PROD001145,SEL000354,Fashion Pria,1915000.0
PROD001146,SEL000265,Elektronik,3547000.0
PROD001147,SEL000385,Komputer & Laptop,1705000.0
PROD001148,SEL000122,Otomotif,2680000.0
PROD001149,SEL000414,Handphone & Tablet,3023000.0
PROD001150,SEL000111,Fashion Pria,2742000.0
PROD001151,SEL000193,Makanan & Minuman,4714000.0
PROD001152,SEL000261,Makanan & Minuman,2403000.0
PROD001153,SEL000089,Komputer & Laptop,2550000.0
PROD001154,SEL000170,Rumah Tangga,4333000.0
PROD001155,SEL000337,Fashion Pria,4977000.0
PROD001156,SEL000071,Fashion Wanita,3615000.0
PROD001157,SEL000245,Fashion Wanita,16000.0
PROD001158,SEL000091,Mainan & Hobi,1077000.0
PROD001159,SEL000151,Mainan & Hobi,646000.0
PROD001160,SEL000475,Kesehatan & Kecantikan,685000.0
PROD001161,SEL000485,Fashion Wanita,305000.0
PROD001162,SEL000046,Rumah Tangga,1401000.0
PROD001163,SEL000143,Ibu & Bayi,1065000.0
PROD001164,SEL000068,Handphone & Tablet,4303000.0
PROD001165,SEL000383,Fashion Pria,340000.0
PROD001166,SEL000499,Alat Tulis,2891000.0
PROD001167,SEL000364,Kesehatan & Kecantikan,3508000.0
PROD001168,SEL000345,Fashion Wanita,3681000.0
PROD001169,SEL000377,Elektronik,647000.0
PROD001170,SEL000325,Kesehatan & Kecantikan,4894000.0
PROD001171,SEL000142,Handphone & Tablet,3482000.0
PROD001172,SEL000113,Fashion Wanita,662000.0
PROD001173,SEL000225,Otomotif,1802000.0
PROD001174,SEL000477,Fashion Wanita,3480000.0
PROD001175,SEL000053,Kesehatan & Kecantikan,1871000.0
PROD001176,SEL000100,Elektronik,4494000.0
PROD001177,SEL000389,Fashion Wanita,2522000.0
PROD001178,SEL000214,Alat Tulis,4433000.0
PROD001179,SEL000209,Rumah Tangga,1985000.0
PROD001180,SEL000002,Ibu & Bayi,4922000.0
PROD001181,SEL000030,Alat Tulis,3579000.0
PROD001182,SEL000305,Kesehatan & Kecantikan,4675000.0
PROD001183,SEL000226,Otomotif,2303000.0
PROD001184,SEL000204,Makanan & Minuman,489000.0
PROD001185,SEL000276,Kesehatan & Kecantikan,669000.0
PROD001186,SEL000037,Ibu & Bayi,124000.0
PROD001187,SEL000083,Makanan & Minuman,457000.0
PROD001188,SEL000350,Ibu & Bayi,4892000.0
PROD001189,SEL000038,Otomotif,1500000.0
PROD001190,SEL000443,Makanan & Minuman,214000.0
PROD001191,SEL000484,Fashion Wanita,2914000.0
PROD001192,SEL000490,Mainan & Hobi,1099000.0
PROD001193,SEL000484,Komputer & Laptop,156000.0
PROD001194,SEL000127,Handphone & Tablet,2711000.0
PROD001195,SEL000142,Fashion Pria,3104000.0
PROD001196,SEL000201,Fashion Wanita,763000.0
PROD001197,SEL000042,Komputer & Laptop,4344000.0
PROD001198,SEL000481,Fashion Pria,2105000.0
PROD001199,SEL000008,Mainan & Hobi,289000.0
PROD001200,SEL000208,Mainan & Hobi,4425000.0
PROD001201,SEL000497,Olahraga,4209000.0
PROD001202,SEL000465,Olahraga,2308000.0
PROD001203,SEL000386,Elektronik,1922000.0
PROD001204,SEL000359,Olahraga,4650000.0
PROD001205,SEL000044,Makanan & Minuman,2566000.0
PROD001206,SEL000202,Alat Tulis,1815000.0
PROD001207,SEL000156,Makanan & Minuman,1442000.0
PROD001208,SEL000391,Komputer & Laptop,1281000.0
PROD001209,SEL000336,Elektronik,2210000.0
PROD001210,SEL000221,Olahraga,4899000.0
PROD001211,SEL000351,Rumah Tangga,3027000.0
PROD001212,SEL000097,Handphone & Tablet,1131000.0
PROD001213,SEL000214,Alat Tulis,53000.0
PROD001214,SEL000332,Makanan & Minuman,1891000.0
PROD001215,SEL000233,Kesehatan & Kecantikan,656000.0
PROD001216,SEL000087,Olahraga,682000.0
PROD001217,SEL000452,Fashion Pria,451000.0
PROD001218,SEL000496,Fashion Wanita,1286000.0
PROD001219,SEL000403,Olahraga,3331000.0
PROD001220,SEL000471,Handphone & Tablet,1724000.0
PROD001221,SEL000336,Mainan & Hobi,3480000.0
PROD001222,SEL000137,Ibu & Bayi,765000.0
PROD001223,SEL000348,Mainan & Hobi,4252000.0
PROD001224,SEL000326,Elektronik,2674000.0
PROD001225,SEL000253,Makanan & Minuman,4752000.0
PROD001226,SEL000317,Fashion Pria,3702000.0
PROD001227,SEL000477,Olahraga,746000.0
PROD001228,SEL000123,Handphone & Tablet,1563000.0
PROD001229,SEL000421,Handphone & Tablet,432000.0
PROD001230,SEL000308,Makanan & Minuman,3417000.0
PROD001231,SEL000135,Kesehatan & Kecantikan,1013000.0
PROD001232,SEL000174,Komputer & Laptop,1205000.0
PROD001233,SEL000069,Handphone & Tablet,4829000.0
PROD001234,SEL000145,Otomotif,4871000.0
PROD001235,SEL000096,Alat Tulis,3337000.0
PROD001236,SEL000187,Mainan & Hobi,1187000.0
PROD001237,SEL000126,Rumah Tangga,4747000.0
PROD001238,SEL000487,Elektronik,4046000.0
PROD001239,SEL000124,Fashion Pria,403000.0
PROD001240,SEL000428,Alat Tulis,4243000.0
PROD001241,SEL000271,Otomotif,2034000.0
PROD001242,SEL000192,Handphone & Tablet,1343000.0
PROD001243,SEL000443,Otomotif,3894000.0
PROD001244,SEL000200,Handphone & Tablet,2823000.0
PROD001245,SEL000138,Otomotif,1661000.0
PROD001246,SEL000233,Olahraga,2938000.0
PROD001247,SEL000459,Handphone & Tablet,3989000.0
PROD001248,SEL000138,Handphone & Tablet,3863000.0
PROD001249,SEL000462,Ibu & Bayi,1684000.0
PROD001250,SEL000103,Alat Tulis,4836000.0
PROD001251,SEL000224,Alat Tulis,2826000.0
PROD001252,SEL000439,Rumah Tangga,1971000.0
PROD001253,SEL000477,Handphone & Tablet,2977000.0
PROD001254,SEL000258,Olahraga,4812000.0
PROD001255,SEL000033,Olahraga,1051000.0
PROD001256,SEL000144,Fashion Wanita,405000.0
PROD001257,SEL000176,Rumah Tangga,1856000.0
PROD001258,SEL000275,Handphone & Tablet,4542000.0
PROD001259,SEL000294,Alat Tulis,4627000.0
PROD001260,SEL000480,Makanan & Minuman,4586000.0
PROD001261,SEL000157,Mainan & Hobi,447000.0
PROD001262,SEL000175,Fashion Wanita,3804000.0
PROD001263,SEL000306,Fashion Wanita,1622000.0
PROD001264,SEL000482,Alat Tulis,2883000.0
PROD001265,SEL000204,Rumah Tangga,4223000.0
PROD001266,SEL000094,Fashion Pria,4269000.0
PROD001267,SEL000123,Elektronik,2271000.0
PROD001268,SEL000142,Fashion Wanita,1206000.0
PROD001269,SEL000398,Handphone & Tablet,2947000.0
PROD001270,SEL000061,Rumah Tangga,916000.0
PROD001271,SEL000063,Rumah Tangga,273000.0
PROD001272,SEL000342,Rumah Tangga,3257000.0
PROD001273,SEL000299,Kesehatan & Kecantikan,1247000.0
PROD001274,SEL000460,Fashion Wanita,4705000.0
PROD001275,SEL000419,Fashion Pria,1512000.0
PROD001276,SEL000163,Rumah Tangga,1075000.0
PROD001277,SEL000415,Elektronik,2269000.0
PROD001278,SEL000212,Kesehatan & Kecantikan,3292000.0
PROD001279,SEL000235,Kesehatan & Kecantikan,530000.0
PROD001280,SEL000465,Ibu & Bayi,4519000.0
PROD001281,SEL000016,Mainan & Hobi,3232000.0
PROD001282,SEL000375,Fashion Pria,2483000.0
PROD001283,SEL000272,Alat Tulis,4600000.0
PROD001284,SEL000073,Fashion Pria,406000.0
PROD001285,SEL000374,Mainan & Hobi,2239000.0
PROD001286,SEL000470,Mainan & Hobi,1411000.0
PROD001287,SEL000081,Kesehatan & Kecantikan,1820000.0
PROD001288,SEL000497,Ibu & Bayi,1404000.0
PROD001289,SEL000459,Fashion Wanita,2170000.0
PROD001290,SEL000464,Mainan & Hobi,3990000.0
PROD001291,SEL000133,Rumah Tangga,4222000.0
PROD001292,SEL000334,Ibu & Bayi,2495000.0
PROD001293,SEL000058,Otomotif,978000.0
PROD001294,SEL000495,Fashion Wanita,4350000.0
PROD001295,SEL000479,Ibu & Bayi,136000.0
PROD001296,SEL000271,Olahraga,3985000.0
PROD001297,SEL000449,Handphone & Tablet,4104000.0
PROD001298,SEL000114,Otomotif,2319000.0
PROD001299,SEL000068,Makanan & Minuman,2156000.0
PROD001300,SEL000350,Alat Tulis,2040000.0
PROD001301,SEL000100,Otomotif,27000.0
PROD001302,SEL000143,Elektronik,3232000.0
PROD001303,SEL000024,Komputer & Laptop,3150000.0
PROD001304,SEL000183,Fashion Wanita,4070000.0
PROD001305,SEL000478,Mainan & Hobi,324000.0
PROD001306,SEL000475,Alat Tulis,1634000.0
PROD001307,SEL000266,Ibu & Bayi,4921000.0
PROD001308,SEL000019,Elektronik,4605000.0
PROD001309,SEL000248,Ibu & Bayi,899000.0
PROD001310,SEL000066,Fashion Pria,1553000.0
PROD001311,SEL000164,Otomotif,3316000.0
PROD001312,SEL000485,Kesehatan & Kecantikan,608000.0
PROD001313,SEL000014,Makanan & Minuman,1513000.0
PROD001314,SEL000496,Makanan & Minuman,3465000.0
PROD001315,SEL000064,Komputer & Laptop,4593000.0
PROD001316,SEL000391,Olahraga,2650000.0
PROD001317,SEL000322,Handphone & Tablet,443000.0
PROD001318,SEL000085,Elektronik,1000000.0
PROD001319,SEL000102,Olahraga,3116000.0
PROD001320,SEL000180,Handphone & Tablet,779000.0
PROD001321,SEL000398,Olahraga,888000.0
PROD001322,SEL000370,Elektronik,3009000.0
PROD001323,SEL000096,Makanan & Minuman,3634000.0
PROD001324,SEL000439,Otomotif,3923000.0
PROD001325,SEL000177,Fashion Wanita,3598000.0
PROD001326,SEL000495,Makanan & Minuman,1768000.0
PROD001327,SEL000458,Ibu & Bayi,3418000.0
PROD001328,SEL000466,Kesehatan & Kecantikan,750000.0
PROD001329,SEL000078,Ibu & Bayi,3469000.0
PROD001330,SEL000418,Otomotif,1142000.0
PROD001331,SEL000316,Kesehatan & Kecantikan,4469000.0
PROD001332,SEL000309,Makanan & Minuman,880000.0
PROD001333,SEL000148,Alat Tulis,4266000.0
PROD001334,SEL000354,Handphone & Tablet,4143000.0
PROD001335,SEL000401,Kesehatan & Kecantikan,3911000.0
PROD001336,SEL000116,Fashion Wanita,1141000.0
PROD001337,SEL000219,Fashion Pria,2541000.0
PROD001338,SEL000498,Elektronik,2353000.0
PROD001339,SEL000047,Elektronik,2761000.0
PROD001340,SEL000236,Elektronik,2562000.0
PROD001341,SEL000200,Makanan & Minuman,2494000.0
PROD001342,SEL000492,Fashion Pria,3825000.0
PROD001343,SEL000414,Fashion Wanita,4151000.0
PROD001344,SEL000103,Olahraga,202000.0
PROD001345,SEL000008,Otomotif,632000.0
PROD001346,SEL000203,Fashion Pria,1778000.0
PROD001347,SEL000433,Mainan & Hobi,1119000.0
PROD001348,SEL000493,Mainan & Hobi,3392000.0
PROD001349,SEL000324,Fashion Wanita,3533000.0
PROD001350,SEL000494,Otomotif,3334000.0
PROD001351,SEL000432,Ibu & Bayi,2179000.0
PROD001352,SEL000363,Komputer & Laptop,1318000.0
PROD001353,SEL000441,Rumah Tangga,3899000.0
PROD001354,SEL000245,Kesehatan & Kecantikan,1628000.0
PROD001355,SEL000386,Rumah Tangga,664000.0
PROD001356,SEL000108,Kesehatan & Kecantikan,4911000.0
PROD001357,SEL000079,Fashion Wanita,4762000.0
PROD001358,SEL000471,Handphone & Tablet,2547000.0
PROD001359,SEL000325,Fashion Pria,3774000.0
PROD001360,SEL000150,Rumah Tangga,4986000.0
PROD001361,SEL000178,Mainan & Hobi,4952000.0
PROD001362,SEL000440,Handphone & Tablet,2835000.0
PROD001363,SEL000368,Ibu & Bayi,4954000.0
PROD001364,SEL000324,Fashion Wanita,901000.0
PROD001365,SEL000491,Alat Tulis,2031000.0
PROD001366,SEL000194,Fashion Wanita,4107000.0
PROD001367,SEL000317,Alat Tulis,1063000.0
PROD001368,SEL000336,Elektronik,4502000.0
PROD001369,SEL000125,Ibu & Bayi,3954000.0
PROD001370,SEL000246,Komputer & Laptop,1231000.0
PROD001371,SEL000438,Ibu & Bayi,583000.0
PROD001372,SEL000029,Rumah Tangga,1990000.0
PROD001373,SEL000407,Otomotif,1386000.0
PROD001374,SEL000424,Kesehatan & Kecantikan,42000.0
PROD001375,SEL000343,Alat Tulis,1153000.0
PROD001376,SEL000287,Rumah Tangga,3863000.0
PROD001377,SEL000335,Mainan & Hobi,1627000.0
PROD001378,SEL000007,Ibu & Bayi,368000.0
PROD001379,SEL000397,Olahraga,881000.0
PROD001380,SEL000339,Elektronik,2549000.0
PROD001381,SEL000147,Ibu & Bayi,2002000.0
PROD001382,SEL000293,Handphone & Tablet,2373000.0
PROD001383,SEL000188,Olahraga,326000.0
PROD001384,SEL000375,Rumah Tangga,3956000.0
PROD001385,SEL000024,Alat Tulis,1599000.0
PROD001386,SEL000292,Fashion Pria,3998000.0
PROD001387,SEL000480,Ibu & Bayi,3302000.0
PROD001388,SEL000189,Fashion Pria,2146000.0
PROD001389,SEL000369,Rumah Tangga,369000.0
PROD001390,SEL000290,Komputer & Laptop,4592000.0
PROD001391,SEL000176,Alat Tulis,2147000.0
PROD001392,SEL000009,Makanan & Minuman,4667000.0
PROD001393,SEL000047,Makanan & Minuman,3607000.0
PROD001394,SEL000304,Kesehatan & Kecantikan,2959000.0
PROD001395,SEL000231,Mainan & Hobi,2488000.0
PROD001396,SEL000413,Fashion Wanita,310000.0
PROD001397,SEL000412,Elektronik,4058000.0
PROD001398,SEL000010,Rumah Tangga,852000.0
PROD001399,SEL000500,Fashion Wanita,3337000.0
PROD001400,SEL000037,Makanan & Minuman,4336000.0
PROD001401,SEL000255,Fashion Pria,688000.0
PROD001402,SEL000339,Fashion Pria,757000.0
PROD001403,SEL000038,Kesehatan & Kecantikan,2862000.0
PROD001404,SEL000385,Handphone & Tablet,2156000.0
PROD001405,SEL000485,Makanan & Minuman,2024000.0
PROD001406,SEL000273,Makanan & Minuman,3240000.0
PROD001407,SEL000208,Elektronik,2836000.0
PROD001408,SEL000268,Otomotif,1086000.0
PROD001409,SEL000085,Olahraga,2458000.0
PROD001410,SEL000248,Kesehatan & Kecantikan,409000.0
PROD001411,SEL000309,Komputer & Laptop,935000.0
PROD001412,SEL000225,Ibu & Bayi,1953000.0
PROD001413,SEL000392,Elektronik,2307000.0
PROD001414,SEL000174,Handphone & Tablet,2888000.0
PROD001415,SEL000272,Mainan & Hobi,3112000.0
PROD001416,SEL000333,Mainan & Hobi,2108000.0
PROD001417,SEL000122,Ibu & Bayi,4680000.0
PROD001418,SEL000482,Ibu & Bayi,3428000.0
PROD001419,SEL000461,Handphone & Tablet,3468000.0
PROD001420,SEL000104,Fashion Pria,3017000.0
PROD001421,SEL000323,Komputer & Laptop,1917000.0
PROD001422,SEL000159,Kesehatan & Kecantikan,164000.0
PROD001423,SEL000263,Ibu & Bayi,3628000.0
PROD001424,SEL000297,Ibu & Bayi,1681000.0
PROD001425,SEL000120,Fashion Pria,732000.0
PROD001426,SEL000082,Fashion Pria,2935000.0
PROD001427,SEL000181,Elektronik,3875000.0
PROD001428,SEL000249,Komputer & Laptop,1897000.0
PROD001429,SEL000145,Makanan & Minuman,3204000.0
PROD001430,SEL000410,Rumah Tangga,2405000.0
PROD001431,SEL000365,Elektronik,16000.0
PROD001432,SEL000216,Mainan & Hobi,2327000.0
PROD001433,SEL000157,Rumah Tangga,2728000.0
PROD001434,SEL000391,Olahraga,2487000.0
PROD001435,SEL000153,Makanan & Minuman,2245000.0
PROD001436,SEL000231,Rumah Tangga,4425000.0
PROD001437,SEL000046,Olahraga,4083000.0
PROD001438,SEL000198,Alat Tulis,2139000.0
PROD001439,SEL000018,Rumah Tangga,4291000.0
PROD001440,SEL000017,Elektronik,2039000.0
PROD001441,SEL000181,Alat Tulis,3498000.0
PROD001442,SEL000241,Kesehatan & Kecantikan,198000.0
PROD001443,SEL000379,Olahraga,4876000.0
PROD001444,SEL000290,Olahraga,3086000.0
PROD001445,SEL000493,Otomotif,2212000.0
PROD001446,SEL000057,Ibu & Bayi,2832000.0
PROD001447,SEL000184,Fashion Wanita,2851000.0
PROD001448,SEL000195,Kesehatan & Kecantikan,1612000.0
PROD001449,SEL000026,Handphone & Tablet,1861000.0
PROD001450,SEL000239,Handphone & Tablet,50000.0
PROD001451,SEL000189,Alat Tulis,560000.0
PROD001452,SEL000271,Fashion Wanita,2319000.0
PROD001453,SEL000346,Kesehatan & Kecantikan,2139000.0
PROD001454,SEL000121,Fashion Pria,4268000.0
PROD001455,SEL000315,Rumah Tangga,4582000.0
PROD001456,SEL000318,Mainan & Hobi,4204000.0
PROD001457,SEL000391,Alat Tulis,3063000.0
PROD001458,SEL000179,Rumah Tangga,2076000.0
PROD001459,SEL000223,Kesehatan & Kecantikan,1500000.0
PROD001460,SEL000170,Komputer & Laptop,1316000.0
PROD001461,SEL000462,Rumah Tangga,3729000.0
PROD001462,SEL000158,Handphone & Tablet,1294000.0
PROD001463,SEL000038,Komputer & Laptop,4484000.0
PROD001464,SEL000314,Fashion Pria,1984000.0
PROD001465,SEL000476,Makanan & Minuman,2950000.0
PROD001466,SEL000386,Makanan & Minuman,1220000.0
PROD001467,SEL000362,Rumah Tangga,1386000.0
PROD001468,SEL000231,Rumah Tangga,1140000.0
PROD001469,SEL000452,Rumah Tangga,4387000.0
PROD001470,SEL000136,Elektronik,2634000.0
PROD001471,SEL000347,Ibu & Bayi,3501000.0
PROD001472,SEL000088,Fashion Wanita,1130000.0
PROD001473,SEL000304,Alat Tulis,2508000.0
PROD001474,SEL000066,Makanan & Minuman,3618000.0
PROD001475,SEL000371,Kesehatan & Kecantikan,4942000.0
PROD001476,SEL000343,Mainan & Hobi,3216000.0
PROD001477,SEL000452,Mainan & Hobi,2917000.0
PROD001478,SEL000479,Rumah Tangga,508000.0
PROD001479,SEL000081,Fashion Pria,4837000.0
PROD001480,SEL000458,Komputer & Laptop,2859000.0
PROD001481,SEL000067,Elektronik,3459000.0
PROD001482,SEL000059,Otomotif,3811000.0
PROD001483,SEL000246,Alat Tulis,1514000.0
PROD001484,SEL000437,Mainan & Hobi,1745000.0
PROD001485,SEL000147,Ibu & Bayi,3552000.0
PROD001486,SEL000212,Alat Tulis,1690000.0
PROD001487,SEL000410,Makanan & Minuman,668000.0
PROD001488,SEL000399,Fashion Wanita,196000.0
PROD001489,SEL000006,Elektronik,1516000.0
PROD001490,SEL000291,Olahraga,4243000.0
PROD001491,SEL000196,Fashion Pria,750000.0
PROD001492,SEL000313,Kesehatan & Kecantikan,2837000.0
PROD001493,SEL000422,Elektronik,716000.0
PROD001494,SEL000378,Alat Tulis,542000.0
PROD001495,SEL000399,Fashion Pria,1028000.0
PROD001496,SEL000443,Otomotif,1673000.0
PROD001497,SEL000202,Alat Tulis,2649000.0
PROD001498,SEL000305,Olahraga,960000.0
PROD001499,SEL000299,Alat Tulis,3144000.0
PROD001500,SEL000430,Otomotif,4820000.0
PROD001501,SEL000285,Olahraga,4855000.0
PROD001502,SEL000041,Makanan & Minuman,3051000.0
PROD001503,SEL000484,Fashion Pria,1313000.0
PROD001504,SEL000185,Mainan & Hobi,1499000.0
PROD001505,SEL000133,Handphone & Tablet,1643000.0
PROD001506,SEL000199,Kesehatan & Kecantikan,432000.0
PROD001507,SEL000115,Mainan & Hobi,2758000.0
PROD001508,SEL000025,Kesehatan & Kecantikan,1490000.0
PROD001509,SEL000094,Kesehatan & Kecantikan,4146000.0
PROD001510,SEL000081,Ibu & Bayi,3707000.0
PROD001511,SEL000018,Kesehatan & Kecantikan,983000.0
PROD001512,SEL000235,Rumah Tangga,924000.0
PROD001513,SEL000209,Kesehatan & Kecantikan,3284000.0
PROD001514,SEL000010,Rumah Tangga,1168000.0
PROD001515,SEL000231,Handphone & Tablet,2901000.0
PROD001516,SEL000259,Handphone & Tablet,3469000.0
PROD001517,SEL000411,Ibu & Bayi,1987000.0
PROD001518,SEL000421,Mainan & Hobi,4158000.0
PROD001519,SEL000017,Mainan & Hobi,3959000.0
PROD001520,SEL000487,Ibu & Bayi,1576000.0
PROD001521,SEL000363,Fashion Wanita,2850000.0
PROD001522,SEL000144,Olahraga,3769000.0
PROD001523,SEL000492,Elektronik,773000.0
PROD001524,SEL000413,Ibu & Bayi,457000.0
PROD001525,SEL000340,Otomotif,2196000.0
PROD001526,SEL000147,Fashion Pria,2334000.0
PROD001527,SEL000097,Elektronik,1517000.0
PROD001528,SEL000431,Alat Tulis,302000.0
PROD001529,SEL000117,Mainan & Hobi,3972000.0
PROD001530,SEL000428,Alat Tulis,4737000.0
PROD001531,SEL000084,Fashion Wanita,4077000.0
PROD001532,SEL000313,Rumah Tangga,2116000.0
PROD001533,SEL000174,Fashion Wanita,2248000.0
PROD001534,SEL000173,Handphone & Tablet,4362000.0
PROD001535,SEL000473,Komputer & Laptop,806000.0
PROD001536,SEL000103,Fashion Wanita,2606000.0
PROD001537,SEL000079,Makanan & Minuman,3968000.0
PROD001538,SEL000005,Fashion Wanita,91000.0
PROD001539,SEL000170,Olahraga,2872000.0
PROD001540,SEL000056,Kesehatan & Kecantikan,1030000.0
PROD001541,SEL000006,Kesehatan & Kecantikan,120000.0
PROD001542,SEL000102,Rumah Tangga,2047000.0
PROD001543,SEL000226,Fashion Pria,3673000.0
PROD001544,SEL000063,Ibu & Bayi,4506000.0
PROD001545,SEL000402,Otomotif,1832000.0
PROD001546,SEL000418,Elektronik,2193000.0
PROD001547,SEL000219,Fashion Wanita,3882000.0
PROD001548,SEL000313,Makanan & Minuman,1743000.0
PROD001549,SEL000417,Alat Tulis,1253000.0
PROD001550,SEL000384,Elektronik,876000.0
PROD001551,SEL000329,Alat Tulis,1061000.0
PROD001552,SEL000041,Fashion Wanita,4552000.0
PROD001553,SEL000377,Makanan & Minuman,2785000.0
PROD001554,SEL000133,Otomotif,861000.0
PROD001555,SEL000015,Kesehatan & Kecantikan,1362000.0
PROD001556,SEL000470,Komputer & Laptop,668000.0
PROD001557,SEL000066,Mainan & Hobi,1487000.0
PROD001558,SEL000035,Komputer & Laptop,2912000.0
PROD001559,SEL000380,Komputer & Laptop,4997000.0
PROD001560,SEL000395,Elektronik,463000.0
PROD001561,SEL000368,Fashion Wanita,4788000.0
PROD001562,SEL000339,Komputer & Laptop,671000.0
PROD001563,SEL000027,Alat Tulis,302000.0
PROD001564,SEL000417,Handphone & Tablet,2074000.0
PROD001565,SEL000426,Rumah Tangga,3306000.0
PROD001566,SEL000280,Otomotif,3651000.0
PROD001567,SEL000491,Fashion Pria,4160000.0
PROD001568,SEL000244,Ibu & Bayi,3184000.0
PROD001569,SEL000254,Alat Tulis,4126000.0
PROD001570,SEL000212,Fashion Pria,3115000.0
PROD001571,SEL000427,Makanan & Minuman,4679000.0
PROD001572,SEL000094,Rumah Tangga,260000.0
PROD001573,SEL000185,Ibu & Bayi,2713000.0
PROD001574,SEL000275,Otomotif,779000.0
PROD001575,SEL000347,Otomotif,3148000.0
PROD001576,SEL000174,Mainan & Hobi,4362000.0
PROD001577,SEL000033,Fashion Wanita,786000.0
PROD001578,SEL000307,Elektronik,4015000.0
PROD001579,SEL000300,Komputer & Laptop,3444000.0
PROD001580,SEL000198,Olahraga,3794000.0
PROD001581,SEL000145,Handphone & Tablet,1281000.0
PROD001582,SEL000260,Handphone & Tablet,3700000.0
PROD001583,SEL000485,Kesehatan & Kecantikan,2432000.0
PROD001584,SEL000322,Kesehatan & Kecantikan,2262000.0
PROD001585,SEL000394,Fashion Pria,3974000.0
PROD001586,SEL000052,Fashion Wanita,432000.0
PROD001587,SEL000025,Fashion Pria,2659000.0
PROD001588,SEL000495,Mainan & Hobi,219000.0
PROD001589,SEL000357,Alat Tulis,4913000.0
PROD001590,SEL000284,Olahraga,4039000.0
PROD001591,SEL000381,Makanan & Minuman,259000.0
PROD001592,SEL000470,Fashion Pria,2278000.0
PROD001593,SEL000026,Otomotif,1464000.0
PROD001594,SEL000019,Komputer & Laptop,3150000.0
PROD001595,SEL000116,Makanan & Minuman,764000.0
PROD001596,SEL000054,Makanan & Minuman,4858000.0
PROD001597,SEL000317,Rumah Tangga,3475000.0
PROD001598,SEL000092,Makanan & Minuman,1599000.0
PROD001599,SEL000454,Komputer & Laptop,556000.0
PROD001600,SEL000053,Fashion Wanita,886000.0
PROD001601,SEL000464,Otomotif,4727000.0
PROD001602,SEL000384,Rumah Tangga,1256000.0
PROD001603,SEL000286,Otomotif,917000.0
PROD001604,SEL000011,Alat Tulis,4287000.0
PROD001605,SEL000077,Fashion Wanita,574000.0
PROD001606,SEL000091,Olahraga,3399000.0
PROD001607,SEL000351,Komputer & Laptop,1311000.0
PROD001608,SEL000451,Ibu & Bayi,1919000.0
PROD001609,SEL000491,Kesehatan & Kecantikan,4545000.0
PROD001610,SEL000379,Handphone & Tablet,18000.0
PROD001611,SEL000277,Kesehatan & Kecantikan,1020000.0
PROD001612,SEL000149,Rumah Tangga,1517000.0
PROD001613,SEL000450,Elektronik,1531000.0
PROD001614,SEL000431,Mainan & Hobi,2500000.0
PROD001615,SEL000307,Makanan & Minuman,4613000.0
PROD001616,SEL000007,Rumah Tangga,2328000.0
PROD001617,SEL000412,Fashion Wanita,62000.0
PROD001618,SEL000192,Makanan & Minuman,3419000.0
PROD001619,SEL000393,Mainan & Hobi,3425000.0
PROD001620,SEL000037,Makanan & Minuman,3833000.0
PROD001621,SEL000161,Kesehatan & Kecantikan,3942000.0
PROD001622,SEL000230,Otomotif,1294000.0
PROD001623,SEL000360,Fashion Wanita,1992000.0
PROD001624,SEL000325,Ibu & Bayi,1054000.0
PROD001625,SEL000486,Makanan & Minuman,3708000.0
PROD001626,SEL000213,Kesehatan & Kecantikan,1347000.0
PROD001627,SEL000232,Otomotif,2376000.0
PROD001628,SEL000407,Fashion Wanita,808000.0
PROD001629,SEL000184,Makanan & Minuman,777000.0
PROD001630,SEL000215,Fashion Pria,4430000.0
PROD001631,SEL000179,Mainan & Hobi,428000.0
PROD001632,SEL000415,Makanan & Minuman,678000.0
PROD001633,SEL000335,Alat Tulis,2868000.0
PROD001634,SEL000475,Fashion Wanita,763000.0
PROD001635,SEL000147,Fashion Pria,366000.0
PROD001636,SEL000474,Komputer & Laptop,2058000.0
PROD001637,SEL000022,Fashion Wanita,2961000.0
PROD001638,SEL000162,Komputer & Laptop,3328000.0
PROD001639,SEL000298,Olahraga,1171000.0
PROD001640,SEL000126,Otomotif,3345000.0
PROD001641,SEL000416,Fashion Wanita,3232000.0
PROD001642,SEL000089,Makanan & Minuman,3616000.0
PROD001643,SEL000341,Komputer & Laptop,4770000.0
PROD001644,SEL000022,Olahraga,1891000.0
PROD001645,SEL000172,Ibu & Bayi,1303000.0
PROD001646,SEL000264,Elektronik,3235000.0
PROD001647,SEL000283,Alat Tulis,495000.0
PROD001648,SEL000105,Handphone & Tablet,544000.0
PROD001649,SEL000336,Mainan & Hobi,3804000.0
PROD001650,SEL000021,Elektronik,1370000.0
PROD001651,SEL000274,Kesehatan & Kecantikan,3525000.0
PROD001652,SEL000081,Fashion Pria,4096000.0
PROD001653,SEL000043,Fashion Wanita,4254000.0
PROD001654,SEL000049,Fashion Wanita,3913000.0
PROD001655,SEL000191,Handphone & Tablet,1487000.0
PROD001656,SEL000340,Fashion Pria,3559000.0
PROD001657,SEL000276,Fashion Wanita,4350000.0
PROD001658,SEL000279,Olahraga,2684000.0
PROD001659,SEL000206,Rumah Tangga,4469000.0
PROD001660,SEL000054,Komputer & Laptop,2918000.0
PROD001661,SEL000272,Alat Tulis,1318000.0
PROD001662,SEL000276,Elektronik,1953000.0
PROD001663,SEL000157,Komputer & Laptop,676000.0
PROD001664,SEL000429,Ibu & Bayi,15000.0
PROD001665,SEL000407,Olahraga,897000.0
PROD001666,SEL000476,Mainan & Hobi,4579000.0
PROD001667,SEL000255,Otomotif,3195000.0
PROD001668,SEL000246,Kesehatan & Kecantikan,4161000.0
PROD001669,SEL000267,Alat Tulis,3882000.0
PROD001670,SEL000492,Olahraga,3193000.0
PROD001671,SEL000145,Olahraga,3747000.0
PROD001672,SEL000397,Handphone & Tablet,603000.0
PROD001673,SEL000223,Handphone & Tablet,655000.0
PROD001674,SEL000152,Ibu & Bayi,910000.0
PROD001675,SEL000313,Fashion Wanita,3577000.0
PROD001676,SEL000224,Komputer & Laptop,733000.0
PROD001677,SEL000039,Kesehatan & Kecantikan,923000.0
PROD001678,SEL000157,Handphone & Tablet,329000.0
PROD001679,SEL000146,Fashion Wanita,3063000.0
PROD001680,SEL000273,Kesehatan & Kecantikan,3981000.0
PROD001681,SEL000058,Rumah Tangga,3666000.0
PROD001682,SEL000481,Mainan & Hobi,4586000.0
PROD001683,SEL000291,Komputer & Laptop,4311000.0
PROD001684,SEL000444,Fashion Pria,459000.0
PROD001685,SEL000442,Makanan & Minuman,2238000.0
PROD001686,SEL000423,Komputer & Laptop,2037000.0
PROD001687,SEL000313,Makanan & Minuman,4884000.0
PROD001688,SEL000143,Makanan & Minuman,3456000.0
PROD001689,SEL000050,Ibu & Bayi,813000.0
PROD001690,SEL000358,Kesehatan & Kecantikan,563000.0
PROD001691,SEL000282,Elektronik,294000.0
PROD001692,SEL000449,Olahraga,2117000.0
PROD001693,SEL000011,Handphone & Tablet,3444000.0
PROD001694,SEL000087,Handphone & Tablet,21000.0
PROD001695,SEL000003,Alat Tulis,4682000.0
PROD001696,SEL000383,Fashion Wanita,2701000.0
PROD001697,SEL000100,Mainan & Hobi,1986000.0
PROD001698,SEL000447,Fashion Pria,29000.0
PROD001699,SEL000324,Elektronik,1640000.0
PROD001700,SEL000092,Rumah Tangga,1229000.0
PROD001701,SEL000272,Kesehatan & Kecantikan,2754000.0
PROD001702,SEL000001,Alat Tulis,2770000.0
PROD001703,SEL000083,Olahraga,4214000.0
PROD001704,SEL000316,Fashion Wanita,3303000.0
PROD001705,SEL000290,Komputer & Laptop,3061000.0
PROD001706,SEL000031,Otomotif,1997000.0
PROD001707,SEL000358,Olahraga,828000.0
PROD001708,SEL000235,Komputer & Laptop,2186000.0
PROD001709,SEL000125,Kesehatan & Kecantikan,895000.0
PROD001710,SEL000285,Kesehatan & Kecantikan,4411000.0
PROD001711,SEL000257,Makanan & Minuman,4466000.0
PROD001712,SEL000345,Komputer & Laptop,4415000.0
PROD001713,SEL000105,Kesehatan & Kecantikan,4075000.0
PROD001714,SEL000209,Handphone & Tablet,426000.0
PROD001715,SEL000173,Ibu & Bayi,579000.0
PROD001716,SEL000324,Mainan & Hobi,4566000.0
PROD001717,SEL000385,Komputer & Laptop,2018000.0
PROD001718,SEL000204,Otomotif,533000.0
PROD001719,SEL000223,Mainan & Hobi,1530000.0
PROD001720,SEL000398,Fashion Pria,14000.0
PROD001721,SEL000039,Kesehatan & Kecantikan,784000.0
PROD001722,SEL000259,Komputer & Laptop,793000.0
PROD001723,SEL000461,Kesehatan & Kecantikan,3587000.0
PROD001724,SEL000079,Fashion Pria,3368000.0
PROD001725,SEL000435,Mainan & Hobi,3658000.0
PROD001726,SEL000115,Alat Tulis,4490000.0
PROD001727,SEL000237,Handphone & Tablet,3004000.0
PROD001728,SEL000439,Fashion Pria,2646000.0
PROD001729,SEL000167,Handphone & Tablet,4690000.0
PROD001730,SEL000377,Handphone & Tablet,109000.0
PROD001731,SEL000488,Otomotif,2470000.0
PROD001732,SEL000049,Ibu & Bayi,227000.0
PROD001733,SEL000387,Ibu & Bayi,3620000.0
PROD001734,SEL000423,Makanan & Minuman,844000.0
PROD001735,SEL000326,Mainan & Hobi,2618000.0
PROD001736,SEL000439,Ibu & Bayi,4068000.0
PROD001737,SEL000127,Komputer & Laptop,385000.0
PROD001738,SEL000066,Otomotif,3037000.0
PROD001739,SEL000490,Olahraga,593000.0
PROD001740,SEL000471,Mainan & Hobi,3477000.0
PROD001741,SEL000181,Makanan & Minuman,2101000.0
PROD001742,SEL000437,Mainan & Hobi,3220000.0
PROD001743,SEL000278,Handphone & Tablet,1502000.0
PROD001744,SEL000339,Otomotif,899000.0
PROD001745,SEL000346,Elektronik,4953000.0
PROD001746,SEL000421,Handphone & Tablet,762000.0
PROD001747,SEL000201,Olahraga,1850000.0
PROD001748,SEL000489,Olahraga,2674000.0
PROD001749,SEL000392,Fashion Wanita,3062000.0
PROD001750,SEL000182,Makanan & Minuman,4149000.0
PROD001751,SEL000071,Alat Tulis,2247000.0
PROD001752,SEL000158,Makanan & Minuman,2541000.0
PROD001753,SEL000290,Fashion Wanita,1724000.0
PROD001754,SEL000115,Makanan & Minuman,1371000.0
PROD001755,SEL000223,Ibu & Bayi,3186000.0
PROD001756,SEL000392,Otomotif,3693000.0
PROD001757,SEL000454,Fashion Wanita,2901000.0
PROD001758,SEL000312,Elektronik,2231000.0
PROD001759,SEL000322,Otomotif,722000.0
PROD001760,SEL000317,Olahraga,2121000.0
PROD001761,SEL000156,Fashion Pria,3825000.0
PROD001762,SEL000294,Makanan & Minuman,1988000.0
PROD001763,SEL000012,Mainan & Hobi,29000.0
PROD001764,SEL000401,Makanan & Minuman,2292000.0
PROD001765,SEL000352,Ibu & Bayi,2495000.0
PROD001766,SEL000287,Alat Tulis,3431000.0
PROD001767,SEL000436,Makanan & Minuman,1428000.0
PROD001768,SEL000142,Fashion Pria,4769000.0
PROD001769,SEL000100,Komputer & Laptop,3045000.0
PROD001770,SEL000259,Rumah Tangga,572000.0
PROD001771,SEL000237,Kesehatan & Kecantikan,1452000.0
PROD001772,SEL000235,Mainan & Hobi,4719000.0
PROD001773,SEL000176,Kesehatan & Kecantikan,1999000.0
PROD001774,SEL000298,Mainan & Hobi,4044000.0
PROD001775,SEL000055,Olahraga,1472000.0
PROD001776,SEL000300,Mainan & Hobi,149000.0
PROD001777,SEL000149,Alat Tulis,59000.0
PROD001778,SEL000310,Fashion Wanita,3318000.0
PROD001779,SEL000264,Komputer & Laptop,1979000.0
PROD001780,SEL000006,Alat Tulis,4825000.0
PROD001781,SEL000061,Elektronik,828000.0
PROD001782,SEL000072,Otomotif,205000.0
PROD001783,SEL000205,Rumah Tangga,2769000.0
PROD001784,SEL000462,Elektronik,100000.0
PROD001785,SEL000279,Fashion Wanita,1360000.0
PROD001786,SEL000427,Rumah Tangga,1799000.0
PROD001787,SEL000054,Komputer & Laptop,1115000.0
PROD001788,SEL000285,Mainan & Hobi,2870000.0
PROD001789,SEL000098,Ibu & Bayi,4024000.0
PROD001790,SEL000169,Otomotif,1533000.0
PROD001791,SEL000418,Mainan & Hobi,2760000.0
PROD001792,SEL000317,Makanan & Minuman,3687000.0
PROD001793,SEL000135,Handphone & Tablet,4974000.0
PROD001794,SEL000284,Alat Tulis,2086000.0
PROD001795,SEL000444,Kesehatan & Kecantikan,83000.0
PROD001796,SEL000474,Otomotif,3944000.0
PROD001797,SEL000469,Elektronik,246000.0
PROD001798,SEL000109,Elektronik,3401000.0
PROD001799,SEL000369,Olahraga,3801000.0
PROD001800,SEL000207,Fashion Pria,2965000.0
PROD001801,SEL000446,Komputer & Laptop,2986000.0
PROD001802,SEL000331,Kesehatan & Kecantikan,96000.0
PROD001803,SEL000496,Alat Tulis,1943000.0
PROD001804,SEL000050,Mainan & Hobi,1313000.0
PROD001805,SEL000290,Kesehatan & Kecantikan,4129000.0
PROD001806,SEL000278,Ibu & Bayi,4225000.0
PROD001807,SEL000151,Olahraga,2250000.0
PROD001808,SEL000027,Mainan & Hobi,3808000.0
PROD001809,SEL000468,Handphone & Tablet,4562000.0
PROD001810,SEL000335,Fashion Pria,2659000.0
PROD001811,SEL000083,Olahraga,4392000.0
PROD001812,SEL000412,Elektronik,166000.0
PROD001813,SEL000324,Komputer & Laptop,1028000.0
PROD001814,SEL000191,Handphone & Tablet,623000.0
PROD001815,SEL000119,Rumah Tangga,4595000.0
PROD001816,SEL000156,Rumah Tangga,666000.0
PROD001817,SEL000305,Elektronik,1973000.0
PROD001818,SEL000141,Ibu & Bayi,1721000.0
PROD001819,SEL000217,Mainan & Hobi,4513000.0
PROD001820,SEL000206,Alat Tulis,833000.0
PROD001821,SEL000482,Elektronik,1895000.0
PROD001822,SEL000404,Komputer & Laptop,639000.0
PROD001823,SEL000166,Alat Tulis,3060000.0
PROD001824,SEL000224,Otomotif,693000.0
PROD001825,SEL000478,Olahraga,3843000.0
PROD001826,SEL000095,Fashion Wanita,633000.0
PROD001827,SEL000005,Alat Tulis,1187000.0
PROD001828,SEL000478,Ibu & Bayi,3241000.0
PROD001829,SEL000151,Otomotif,3968000.0
PROD001830,SEL000133,Otomotif,1543000.0
PROD001831,SEL000462,Olahraga,1525000.0
PROD001832,SEL000148,Ibu & Bayi,3929000.0
PROD001833,SEL000191,Makanan & Minuman,1122000.0
PROD001834,SEL000224,Alat Tulis,862000.0
PROD001835,SEL000435,Kesehatan & Kecantikan,2677000.0
PROD001836,SEL000161,Elektronik,2451000.0
PROD001837,SEL000042,Fashion Wanita,1444000.0
PROD001838,SEL000374,Alat Tulis,1099000.0
PROD001839,SEL000086,Handphone & Tablet,4146000.0
PROD001840,SEL000461,Makanan & Minuman,291000.0
PROD001841,SEL000380,Kesehatan & Kecantikan,1978000.0
PROD001842,SEL000338,Fashion Wanita,4733000.0
PROD001843,SEL000477,Fashion Pria,4647000.0
PROD001844,SEL000399,Otomotif,1192000.0
PROD001845,SEL000399,Ibu & Bayi,725000.0
PROD001846,SEL000497,Otomotif,2478000.0
PROD001847,SEL000218,Komputer & Laptop,1361000.0
PROD001848,SEL000329,Mainan & Hobi,3660000.0
PROD001849,SEL000317,Alat Tulis,2783000.0
PROD001850,SEL000365,Ibu & Bayi,1613000.0
PROD001851,SEL000167,Fashion Wanita,913000.0
PROD001852,SEL000343,Rumah Tangga,860000.0
PROD001853,SEL000431,Alat Tulis,708000.0
PROD001854,SEL000440,Alat Tulis,516000.0
PROD001855,SEL000060,Mainan & Hobi,1645000.0
PROD001856,SEL000189,Makanan & Minuman,429000.0
PROD001857,SEL000035,Elektronik,1687000.0
PROD001858,SEL000027,Mainan & Hobi,4260000.0
PROD001859,SEL000025,Alat Tulis,1549000.0
PROD001860,SEL000048,Rumah Tangga,2247000.0
PROD001861,SEL000158,Rumah Tangga,2363000.0
PROD001862,SEL000392,Alat Tulis,3197000.0
PROD001863,SEL000183,Komputer & Laptop,714000.0
PROD001864,SEL000225,Mainan & Hobi,3662000.0
PROD001865,SEL000437,Handphone & Tablet,1486000.0
PROD001866,SEL000427,Komputer & Laptop,4222000.0
PROD001867,SEL000061,Alat Tulis,2907000.0
PROD001868,SEL000360,Komputer & Laptop,4900000.0
PROD001869,SEL000236,Kesehatan & Kecantikan,1307000.0
PROD001870,SEL000434,Makanan & Minuman,1024000.0
PROD001871,SEL000171,Kesehatan & Kecantikan,2447000.0
PROD001872,SEL000274,Elektronik,1119000.0
PROD001873,SEL000064,Mainan & Hobi,1097000.0
PROD001874,SEL000043,Komputer & Laptop,353000.0
PROD001875,SEL000103,Kesehatan & Kecantikan,4129000.0
PROD001876,SEL000267,Makanan & Minuman,4902000.0
PROD001877,SEL000219,Elektronik,2570000.0
PROD001878,SEL000260,Mainan & Hobi,4449000.0
PROD001879,SEL000416,Mainan & Hobi,351000.0
PROD001880,SEL000407,Fashion Wanita,2405000.0
PROD001881,SEL000244,Kesehatan & Kecantikan,58000.0
PROD001882,SEL000424,Mainan & Hobi,2180000.0
PROD001883,SEL000162,Ibu & Bayi,322000.0
PROD001884,SEL000093,Fashion Pria,2231000.0
PROD001885,SEL000157,Olahraga,1640000.0
PROD001886,SEL000339,Kesehatan & Kecantikan,4634000.0
PROD001887,SEL000374,Kesehatan & Kecantikan,2418000.0
PROD001888,SEL000413,Komputer & Laptop,2564000.0
PROD001889,SEL000052,Mainan & Hobi,2827000.0
PROD001890,SEL000055,Alat Tulis,2130000.0
PROD001891,SEL000245,Kesehatan & Kecantikan,1470000.0
PROD001892,SEL000446,Olahraga,2488000.0
PROD001893,SEL000377,Otomotif,2219000.0
PROD001894,SEL000194,Fashion Wanita,2967000.0
PROD001895,SEL000204,Makanan & Minuman,4661000.0
PROD001896,SEL000159,Kesehatan & Kecantikan,1057000.0
PROD001897,SEL000203,Fashion Wanita,2942000.0
PROD001898,SEL000295,Rumah Tangga,4444000.0
PROD001899,SEL000323,Komputer & Laptop,2156000.0
PROD001900,SEL000498,Alat Tulis,273000.0
PROD001901,SEL000301,Makanan & Minuman,2933000.0
PROD001902,SEL000015,Handphone & Tablet,194000.0
PROD001903,SEL000025,Mainan & Hobi,2982000.0
PROD001904,SEL000175,Otomotif,1147000.0
PROD001905,SEL000009,Mainan & Hobi,4531000.0
PROD001906,SEL000427,Ibu & Bayi,3547000.0
PROD001907,SEL000084,Fashion Pria,3524000.0
PROD001908,SEL000277,Makanan & Minuman,2054000.0
PROD001909,SEL000268,Rumah Tangga,4524000.0
PROD001910,SEL000088,Ibu & Bayi,1481000.0
PROD001911,SEL000142,Handphone & Tablet,4690000.0
PROD001912,SEL000398,Mainan & Hobi,1495000.0
PROD001913,SEL000385,Ibu & Bayi,3079000.0
PROD001914,SEL000235,Makanan & Minuman,1860000.0
PROD001915,SEL000088,Mainan & Hobi,4555000.0
PROD001916,SEL000190,Komputer & Laptop,4450000.0
PROD001917,SEL000169,Ibu & Bayi,3553000.0
PROD001918,SEL000179,Komputer & Laptop,2604000.0
PROD001919,SEL000485,Mainan & Hobi,3712000.0
PROD001920,SEL000432,Makanan & Minuman,266000.0
PROD001921,SEL000074,Fashion Pria,2211000.0
PROD001922,SEL000299,Otomotif,3658000.0
PROD001923,SEL000312,Ibu & Bayi,4487000.0
PROD001924,SEL000434,Ibu & Bayi,4195000.0
PROD001925,SEL000420,Fashion Wanita,1503000.0
PROD001926,SEL000277,Kesehatan & Kecantikan,3200000.0
PROD001927,SEL000465,Otomotif,4495000.0
PROD001928,SEL000237,Elektronik,4632000.0
PROD001929,SEL000385,Makanan & Minuman,2650000.0
PROD001930,SEL000469,Rumah Tangga,4628000.0
PROD001931,SEL000416,Fashion Pria,3952000.0
PROD001932,SEL000407,Kesehatan & Kecantikan,2133000.0
PROD001933,SEL000390,Fashion Wanita,2620000.0
PROD001934,SEL000201,Mainan & Hobi,533000.0
PROD001935,SEL000094,Handphone & Tablet,1096000.0
PROD001936,SEL000016,Kesehatan & Kecantikan,2646000.0
PROD001937,SEL000175,Komputer & Laptop,2178000.0
PROD001938,SEL000275,Fashion Pria,3879000.0
PROD001939,SEL000296,Kesehatan & Kecantikan,3053000.0
PROD001940,SEL000252,Mainan & Hobi,408000.0
PROD001941,SEL000484,Alat Tulis,2886000.0
PROD001942,SEL000455,Elektronik,3692000.0
PROD001943,SEL000317,Ibu & Bayi,4585000.0
PROD001944,SEL000495,Handphone & Tablet,2869000.0
PROD001945,SEL000434,Fashion Wanita,4169000.0
PROD001946,SEL000228,Otomotif,2890000.0
PROD001947,SEL000190,Alat Tulis,748000.0
PROD001948,SEL000442,Olahraga,4624000.0
PROD001949,SEL000300,Kesehatan & Kecantikan,1113000.0
PROD001950,SEL000405,Alat Tulis,456000.0
PROD001951,SEL000425,Ibu & Bayi,1572000.0
PROD001952,SEL000259,Mainan & Hobi,3757000.0
PROD001953,SEL000387,Handphone & Tablet,2329000.0
PROD001954,SEL000384,Elektronik,3846000.0
PROD001955,SEL000343,Alat Tulis,984000.0
PROD001956,SEL000345,Olahraga,110000.0
PROD001957,SEL000382,Fashion Pria,618000.0
PROD001958,SEL000124,Komputer & Laptop,2927000.0
PROD001959,SEL000006,Kesehatan & Kecantikan,4793000.0
PROD001960,SEL000273,Fashion Wanita,4266000.0
PROD001961,SEL000243,Rumah Tangga,681000.0
PROD001962,SEL000444,Alat Tulis,1754000.0
PROD001963,SEL000125,Handphone & Tablet,2139000.0
PROD001964,SEL000294,Elektronik,3454000.0
PROD001965,SEL000168,Mainan & Hobi,3990000.0
PROD001966,SEL000439,Mainan & Hobi,3589000.0
PROD001967,SEL000022,Rumah Tangga,1645000.0
PROD001968,SEL000451,Fashion Wanita,1504000.0
PROD001969,SEL000366,Otomotif,1041000.0
PROD001970,SEL000036,Alat Tulis,4664000.0
PROD001971,SEL000408,Komputer & Laptop,2659000.0
PROD001972,SEL000106,Olahraga,3790000.0
PROD001973,SEL000072,Otomotif,404000.0
PROD001974,SEL000354,Alat Tulis,2553000.0
PROD001975,SEL000307,Olahraga,2846000.0
PROD001976,SEL000108,Alat Tulis,1218000.0
PROD001977,SEL000317,Elektronik,3525000.0
PROD001978,SEL000321,Alat Tulis,2727000.0
PROD001979,SEL000500,Komputer & Laptop,4209000.0
PROD001980,SEL000221,Fashion Pria,1840000.0
PROD001981,SEL000490,Rumah Tangga,2257000.0
PROD001982,SEL000127,Fashion Pria,3257000.0
PROD001983,SEL000441,Olahraga,4104000.0
PROD001984,SEL000123,Makanan & Minuman,2442000.0
PROD001985,SEL000096,Alat Tulis,1740000.0
PROD001986,SEL000450,Fashion Pria,515000.0
PROD001987,SEL000149,Kesehatan & Kecantikan,1971000.0
PROD001988,SEL000348,Makanan & Minuman,223000.0
PROD001989,SEL000069,Mainan & Hobi,4556000.0
PROD001990,SEL000242,Otomotif,917000.0
PROD001991,SEL000015,Fashion Wanita,2728000.0
PROD001992,SEL000216,Komputer & Laptop,3254000.0
PROD001993,SEL000210,Elektronik,1722000.0
PROD001994,SEL000128,Rumah Tangga,894000.0
PROD001995,SEL000043,Olahraga,4038000.0
PROD001996,SEL000132,Fashion Pria,4087000.0
PROD001997,SEL000350,Olahraga,392000.0
PROD001998,SEL000458,Fashion Pria,3121000.0
PROD001999,SEL000357,Otomotif,4795000.0
PROD002000,SEL000166,Ibu & Bayi,4459000.0
